month_id,month_dt,high_tag,weighted_mean,denom_sum,n_domains,layer,outcome
2020-01,2020-01-01 00:00:00+00:00,0,0.06965269895468901,10931.0,8.0,queue,residual_queue_complexity_index_mean
2020-01,2020-01-01 00:00:00+00:00,1,-0.012088962688905696,38123.0,8.0,queue,residual_queue_complexity_index_mean
2020-02,2020-02-01 00:00:00+00:00,0,0.05756978599615041,10461.0,8.0,queue,residual_queue_complexity_index_mean
2020-02,2020-02-01 00:00:00+00:00,1,-0.015061522981974397,37958.0,8.0,queue,residual_queue_complexity_index_mean
2020-03,2020-03-01 00:00:00+00:00,0,0.04830671193914616,11254.0,8.0,queue,residual_queue_complexity_index_mean
2020-03,2020-03-01 00:00:00+00:00,1,-0.03350944070137857,42273.0,8.0,queue,residual_queue_complexity_index_mean
2020-04,2020-04-01 00:00:00+00:00,0,0.03748795712763875,12638.0,8.0,queue,residual_queue_complexity_index_mean
2020-04,2020-04-01 00:00:00+00:00,1,-0.0458768242651019,50062.0,8.0,queue,residual_queue_complexity_index_mean
2020-05,2020-05-01 00:00:00+00:00,0,0.04764897675807394,12963.0,8.0,queue,residual_queue_complexity_index_mean
2020-05,2020-05-01 00:00:00+00:00,1,-0.04696637283987152,51574.0,8.0,queue,residual_queue_complexity_index_mean
2020-06,2020-06-01 00:00:00+00:00,0,0.03873376960250475,12015.0,8.0,queue,residual_queue_complexity_index_mean
2020-06,2020-06-01 00:00:00+00:00,1,-0.04709124899926119,47711.0,8.0,queue,residual_queue_complexity_index_mean
2020-07,2020-07-01 00:00:00+00:00,0,0.05646483733631892,11604.0,8.0,queue,residual_queue_complexity_index_mean
2020-07,2020-07-01 00:00:00+00:00,1,-0.03201279256430723,46623.0,8.0,queue,residual_queue_complexity_index_mean
2020-08,2020-08-01 00:00:00+00:00,0,0.04920877184055496,10262.0,8.0,queue,residual_queue_complexity_index_mean
2020-08,2020-08-01 00:00:00+00:00,1,-0.03388764233046426,41702.0,8.0,queue,residual_queue_complexity_index_mean
2020-09,2020-09-01 00:00:00+00:00,0,0.03204878813969514,9544.0,8.0,queue,residual_queue_complexity_index_mean
2020-09,2020-09-01 00:00:00+00:00,1,-0.035082421991139805,39361.0,8.0,queue,residual_queue_complexity_index_mean
2020-10,2020-10-01 00:00:00+00:00,0,0.02856297856743946,9613.0,8.0,queue,residual_queue_complexity_index_mean
2020-10,2020-10-01 00:00:00+00:00,1,-0.036957556064289486,39931.0,8.0,queue,residual_queue_complexity_index_mean
2020-11,2020-11-01 00:00:00+00:00,0,0.04600500902101578,8708.0,8.0,queue,residual_queue_complexity_index_mean
2020-11,2020-11-01 00:00:00+00:00,1,-0.047352937245924834,38470.0,8.0,queue,residual_queue_complexity_index_mean
2020-12,2020-12-01 00:00:00+00:00,0,0.05597575972243576,8779.0,8.0,queue,residual_queue_complexity_index_mean
2020-12,2020-12-01 00:00:00+00:00,1,-0.01825319734863444,38858.0,8.0,queue,residual_queue_complexity_index_mean
2021-01,2021-01-01 00:00:00+00:00,0,0.06207401366247455,9471.0,8.0,queue,residual_queue_complexity_index_mean
2021-01,2021-01-01 00:00:00+00:00,1,-0.04379551274229655,40224.0,8.0,queue,residual_queue_complexity_index_mean
2021-02,2021-02-01 00:00:00+00:00,0,0.04367338298526032,8650.0,8.0,queue,residual_queue_complexity_index_mean
2021-02,2021-02-01 00:00:00+00:00,1,-0.04606725982817872,37329.0,8.0,queue,residual_queue_complexity_index_mean
2021-03,2021-03-01 00:00:00+00:00,0,0.03000747499337574,9686.0,8.0,queue,residual_queue_complexity_index_mean
2021-03,2021-03-01 00:00:00+00:00,1,-0.05539337525295526,41232.0,8.0,queue,residual_queue_complexity_index_mean
2021-04,2021-04-01 00:00:00+00:00,0,0.04837214899082283,8947.0,8.0,queue,residual_queue_complexity_index_mean
2021-04,2021-04-01 00:00:00+00:00,1,-0.056440127025988406,38693.0,8.0,queue,residual_queue_complexity_index_mean
2021-05,2021-05-01 00:00:00+00:00,0,0.027802515175792363,8885.0,8.0,queue,residual_queue_complexity_index_mean
2021-05,2021-05-01 00:00:00+00:00,1,-0.060091544658540344,38234.0,8.0,queue,residual_queue_complexity_index_mean
2021-06,2021-06-01 00:00:00+00:00,0,0.028202124968097788,8537.0,8.0,queue,residual_queue_complexity_index_mean
2021-06,2021-06-01 00:00:00+00:00,1,-0.0539960479702313,36471.0,8.0,queue,residual_queue_complexity_index_mean
2021-07,2021-07-01 00:00:00+00:00,0,0.05163795994747249,8401.0,8.0,queue,residual_queue_complexity_index_mean
2021-07,2021-07-01 00:00:00+00:00,1,-0.057627824353222876,35786.0,8.0,queue,residual_queue_complexity_index_mean
2021-08,2021-08-01 00:00:00+00:00,0,0.03636677389422488,8241.0,8.0,queue,residual_queue_complexity_index_mean
2021-08,2021-08-01 00:00:00+00:00,1,-0.038767926472378436,34893.0,8.0,queue,residual_queue_complexity_index_mean
2021-09,2021-09-01 00:00:00+00:00,0,0.04801876349170743,8017.0,8.0,queue,residual_queue_complexity_index_mean
2021-09,2021-09-01 00:00:00+00:00,1,-0.050549919699606156,33530.0,8.0,queue,residual_queue_complexity_index_mean
2021-10,2021-10-01 00:00:00+00:00,0,0.03981641862951621,7574.0,8.0,queue,residual_queue_complexity_index_mean
2021-10,2021-10-01 00:00:00+00:00,1,-0.05787700330020049,33553.0,8.0,queue,residual_queue_complexity_index_mean
2021-11,2021-11-01 00:00:00+00:00,0,0.025520649819137153,7577.0,8.0,queue,residual_queue_complexity_index_mean
2021-11,2021-11-01 00:00:00+00:00,1,-0.06128821681845715,33649.0,8.0,queue,residual_queue_complexity_index_mean
2021-12,2021-12-01 00:00:00+00:00,0,0.03142528083661539,7180.0,8.0,queue,residual_queue_complexity_index_mean
2021-12,2021-12-01 00:00:00+00:00,1,-0.05541632104589793,32006.0,8.0,queue,residual_queue_complexity_index_mean
2022-01,2022-01-01 00:00:00+00:00,0,0.03602874197966146,7900.0,8.0,queue,residual_queue_complexity_index_mean
2022-01,2022-01-01 00:00:00+00:00,1,-0.05262674022379504,33854.0,8.0,queue,residual_queue_complexity_index_mean
2022-02,2022-02-01 00:00:00+00:00,0,0.016746684284786543,7246.0,8.0,queue,residual_queue_complexity_index_mean
2022-02,2022-02-01 00:00:00+00:00,1,-0.06871544586926687,32346.0,8.0,queue,residual_queue_complexity_index_mean
2022-03,2022-03-01 00:00:00+00:00,0,0.014159285909007925,7707.0,8.0,queue,residual_queue_complexity_index_mean
2022-03,2022-03-01 00:00:00+00:00,1,-0.06435363474356218,34211.0,8.0,queue,residual_queue_complexity_index_mean
2022-04,2022-04-01 00:00:00+00:00,0,0.024088092940601054,6901.0,8.0,queue,residual_queue_complexity_index_mean
2022-04,2022-04-01 00:00:00+00:00,1,-0.06386696139776367,33312.0,8.0,queue,residual_queue_complexity_index_mean
2022-05,2022-05-01 00:00:00+00:00,0,0.04195464761587247,7241.0,8.0,queue,residual_queue_complexity_index_mean
2022-05,2022-05-01 00:00:00+00:00,1,-0.05546113755146618,32706.0,8.0,queue,residual_queue_complexity_index_mean
2022-06,2022-06-01 00:00:00+00:00,0,0.05396568365093605,6998.0,8.0,queue,residual_queue_complexity_index_mean
2022-06,2022-06-01 00:00:00+00:00,1,-0.03664748446410066,31440.0,8.0,queue,residual_queue_complexity_index_mean
2022-07,2022-07-01 00:00:00+00:00,0,0.04020587946237203,7014.0,8.0,queue,residual_queue_complexity_index_mean
2022-07,2022-07-01 00:00:00+00:00,1,-0.0408742307554824,31681.0,8.0,queue,residual_queue_complexity_index_mean
2022-08,2022-08-01 00:00:00+00:00,0,0.03040477765737899,7162.0,8.0,queue,residual_queue_complexity_index_mean
2022-08,2022-08-01 00:00:00+00:00,1,-0.03840024806728065,31813.0,8.0,queue,residual_queue_complexity_index_mean
2022-09,2022-09-01 00:00:00+00:00,0,0.06123723267646687,6471.0,8.0,queue,residual_queue_complexity_index_mean
2022-09,2022-09-01 00:00:00+00:00,1,-0.05350488150645046,29209.0,8.0,queue,residual_queue_complexity_index_mean
2022-10,2022-10-01 00:00:00+00:00,0,0.03552586518603016,6571.0,8.0,queue,residual_queue_complexity_index_mean
2022-10,2022-10-01 00:00:00+00:00,1,-0.05803079067796365,30346.0,8.0,queue,residual_queue_complexity_index_mean
2022-11,2022-11-01 00:00:00+00:00,0,0.06547034441907526,6452.0,8.0,queue,residual_queue_complexity_index_mean
2022-11,2022-11-01 00:00:00+00:00,1,-0.022662767920041575,31041.0,8.0,queue,residual_queue_complexity_index_mean
2022-12,2022-12-01 00:00:00+00:00,0,0.0668837474296073,5973.0,8.0,queue,residual_queue_complexity_index_mean
2022-12,2022-12-01 00:00:00+00:00,1,0.0056181418928054755,26442.0,8.0,queue,residual_queue_complexity_index_mean
2023-01,2023-01-01 00:00:00+00:00,0,0.07457905751369809,6125.0,8.0,queue,residual_queue_complexity_index_mean
2023-01,2023-01-01 00:00:00+00:00,1,0.024107739810458852,25821.0,8.0,queue,residual_queue_complexity_index_mean
2023-02,2023-02-01 00:00:00+00:00,0,0.1017278523224218,5398.0,8.0,queue,residual_queue_complexity_index_mean
2023-02,2023-02-01 00:00:00+00:00,1,0.029959910455438034,22150.0,8.0,queue,residual_queue_complexity_index_mean
2023-03,2023-03-01 00:00:00+00:00,0,0.10722160331254942,5608.0,8.0,queue,residual_queue_complexity_index_mean
2023-03,2023-03-01 00:00:00+00:00,1,0.03659407282004482,22192.0,8.0,queue,residual_queue_complexity_index_mean
2023-04,2023-04-01 00:00:00+00:00,0,0.11427954208124352,4511.0,8.0,queue,residual_queue_complexity_index_mean
2023-04,2023-04-01 00:00:00+00:00,1,0.06950783044594266,17164.0,8.0,queue,residual_queue_complexity_index_mean
2023-05,2023-05-01 00:00:00+00:00,0,0.10810935998279245,4403.0,8.0,queue,residual_queue_complexity_index_mean
2023-05,2023-05-01 00:00:00+00:00,1,0.08259341964618797,16311.0,8.0,queue,residual_queue_complexity_index_mean
2023-06,2023-06-01 00:00:00+00:00,0,0.09493034395522837,4209.0,8.0,queue,residual_queue_complexity_index_mean
2023-06,2023-06-01 00:00:00+00:00,1,0.08096425984562329,15728.0,8.0,queue,residual_queue_complexity_index_mean
2023-07,2023-07-01 00:00:00+00:00,0,0.10981432064676384,4244.0,8.0,queue,residual_queue_complexity_index_mean
2023-07,2023-07-01 00:00:00+00:00,1,0.08423201074570781,15383.0,8.0,queue,residual_queue_complexity_index_mean
2023-08,2023-08-01 00:00:00+00:00,0,0.1283923507731497,4078.0,8.0,queue,residual_queue_complexity_index_mean
2023-08,2023-08-01 00:00:00+00:00,1,0.09296189361517394,14168.0,8.0,queue,residual_queue_complexity_index_mean
2023-09,2023-09-01 00:00:00+00:00,0,0.11932755380361021,3665.0,8.0,queue,residual_queue_complexity_index_mean
2023-09,2023-09-01 00:00:00+00:00,1,0.0904666442077341,12238.0,8.0,queue,residual_queue_complexity_index_mean
2023-10,2023-10-01 00:00:00+00:00,0,0.14896851299913275,3587.0,8.0,queue,residual_queue_complexity_index_mean
2023-10,2023-10-01 00:00:00+00:00,1,0.09654603407043132,12046.0,8.0,queue,residual_queue_complexity_index_mean
2023-11,2023-11-01 00:00:00+00:00,0,0.12628883235716623,3433.0,8.0,queue,residual_queue_complexity_index_mean
2023-11,2023-11-01 00:00:00+00:00,1,0.11661004076986389,11563.0,8.0,queue,residual_queue_complexity_index_mean
2023-12,2023-12-01 00:00:00+00:00,0,0.1422745019554379,2950.0,8.0,queue,residual_queue_complexity_index_mean
2023-12,2023-12-01 00:00:00+00:00,1,0.11752932573049574,9900.0,8.0,queue,residual_queue_complexity_index_mean
2024-01,2024-01-01 00:00:00+00:00,0,0.16469973421672118,3198.0,8.0,queue,residual_queue_complexity_index_mean
2024-01,2024-01-01 00:00:00+00:00,1,0.11933039601861747,10869.0,8.0,queue,residual_queue_complexity_index_mean
2024-02,2024-02-01 00:00:00+00:00,0,0.15450582012560135,3127.0,8.0,queue,residual_queue_complexity_index_mean
2024-02,2024-02-01 00:00:00+00:00,1,0.12158002579458346,10563.0,8.0,queue,residual_queue_complexity_index_mean
2024-03,2024-03-01 00:00:00+00:00,0,0.172084941367921,2890.0,8.0,queue,residual_queue_complexity_index_mean
2024-03,2024-03-01 00:00:00+00:00,1,0.1406455839882381,10277.0,8.0,queue,residual_queue_complexity_index_mean
2024-04,2024-04-01 00:00:00+00:00,0,0.17621911314281236,2705.0,8.0,queue,residual_queue_complexity_index_mean
2024-04,2024-04-01 00:00:00+00:00,1,0.15808711437077486,9623.0,8.0,queue,residual_queue_complexity_index_mean
2024-05,2024-05-01 00:00:00+00:00,0,0.1776344778249899,2771.0,8.0,queue,residual_queue_complexity_index_mean
2024-05,2024-05-01 00:00:00+00:00,1,0.1537103031510255,9206.0,8.0,queue,residual_queue_complexity_index_mean
2024-06,2024-06-01 00:00:00+00:00,0,0.197028568141388,2145.0,8.0,queue,residual_queue_complexity_index_mean
2024-06,2024-06-01 00:00:00+00:00,1,0.18666892645987726,6954.0,8.0,queue,residual_queue_complexity_index_mean
2024-07,2024-07-01 00:00:00+00:00,0,0.2105481119005729,2159.0,8.0,queue,residual_queue_complexity_index_mean
2024-07,2024-07-01 00:00:00+00:00,1,0.18038111388978537,6854.0,8.0,queue,residual_queue_complexity_index_mean
2024-08,2024-08-01 00:00:00+00:00,0,0.19112114945193692,1927.0,8.0,queue,residual_queue_complexity_index_mean
2024-08,2024-08-01 00:00:00+00:00,1,0.18641847365797515,6035.0,8.0,queue,residual_queue_complexity_index_mean
2024-09,2024-09-01 00:00:00+00:00,0,0.1980533371845854,1815.0,8.0,queue,residual_queue_complexity_index_mean
2024-09,2024-09-01 00:00:00+00:00,1,0.1870169367075521,5183.0,8.0,queue,residual_queue_complexity_index_mean
2024-10,2024-10-01 00:00:00+00:00,0,0.18827979852507867,1602.0,8.0,queue,residual_queue_complexity_index_mean
2024-10,2024-10-01 00:00:00+00:00,1,0.16715829332885349,4717.0,8.0,queue,residual_queue_complexity_index_mean
2024-11,2024-11-01 00:00:00+00:00,0,0.20771652916513814,1462.0,8.0,queue,residual_queue_complexity_index_mean
2024-11,2024-11-01 00:00:00+00:00,1,0.1566016244650232,4159.0,8.0,queue,residual_queue_complexity_index_mean
2024-12,2024-12-01 00:00:00+00:00,0,0.24768234837745737,1261.0,8.0,queue,residual_queue_complexity_index_mean
2024-12,2024-12-01 00:00:00+00:00,1,0.16213463862033434,3673.0,8.0,queue,residual_queue_complexity_index_mean
2025-01,2025-01-01 00:00:00+00:00,0,0.1895781833221831,1578.0,8.0,queue,residual_queue_complexity_index_mean
2025-01,2025-01-01 00:00:00+00:00,1,0.20880312347218352,4311.0,8.0,queue,residual_queue_complexity_index_mean
2025-02,2025-02-01 00:00:00+00:00,0,0.18942394823229017,1461.0,8.0,queue,residual_queue_complexity_index_mean
2025-02,2025-02-01 00:00:00+00:00,1,0.1872854762112918,3537.0,8.0,queue,residual_queue_complexity_index_mean
2025-03,2025-03-01 00:00:00+00:00,0,0.18699230512965506,1371.0,8.0,queue,residual_queue_complexity_index_mean
2025-03,2025-03-01 00:00:00+00:00,1,0.2014824798335699,3576.0,8.0,queue,residual_queue_complexity_index_mean
2025-04,2025-04-01 00:00:00+00:00,0,0.20466066417738166,1039.0,8.0,queue,residual_queue_complexity_index_mean
2025-04,2025-04-01 00:00:00+00:00,1,0.21960731428391614,2677.0,8.0,queue,residual_queue_complexity_index_mean
2025-05,2025-05-01 00:00:00+00:00,0,0.23118301311095915,838.0,8.0,queue,residual_queue_complexity_index_mean
2025-05,2025-05-01 00:00:00+00:00,1,0.2035636956008539,2207.0,8.0,queue,residual_queue_complexity_index_mean
2025-06,2025-06-01 00:00:00+00:00,0,0.29112329619554944,677.0,8.0,queue,residual_queue_complexity_index_mean
2025-06,2025-06-01 00:00:00+00:00,1,0.22129447902147964,1680.0,8.0,queue,residual_queue_complexity_index_mean
2025-07,2025-07-01 00:00:00+00:00,0,0.2662331444002706,626.0,8.0,queue,residual_queue_complexity_index_mean
2025-07,2025-07-01 00:00:00+00:00,1,0.21263704090976387,1460.0,7.0,queue,residual_queue_complexity_index_mean
2025-08,2025-08-01 00:00:00+00:00,0,0.3560114710741009,447.0,8.0,queue,residual_queue_complexity_index_mean
2025-08,2025-08-01 00:00:00+00:00,1,0.22758964435524268,1078.0,7.0,queue,residual_queue_complexity_index_mean
2025-09,2025-09-01 00:00:00+00:00,0,0.28321575505012303,500.0,8.0,queue,residual_queue_complexity_index_mean
2025-09,2025-09-01 00:00:00+00:00,1,0.25023605565468887,1073.0,8.0,queue,residual_queue_complexity_index_mean
2025-10,2025-10-01 00:00:00+00:00,0,0.4032807097698797,390.0,8.0,queue,residual_queue_complexity_index_mean
2025-10,2025-10-01 00:00:00+00:00,1,0.28373926200454674,975.0,8.0,queue,residual_queue_complexity_index_mean
2025-11,2025-11-01 00:00:00+00:00,0,0.20885197937917732,326.0,8.0,queue,residual_queue_complexity_index_mean
2025-11,2025-11-01 00:00:00+00:00,1,0.22347392933004123,798.0,7.0,queue,residual_queue_complexity_index_mean
2025-12,2025-12-01 00:00:00+00:00,0,0.3150301896781214,306.0,8.0,queue,residual_queue_complexity_index_mean
2025-12,2025-12-01 00:00:00+00:00,1,0.2025891083327819,683.0,6.0,queue,residual_queue_complexity_index_mean
2020-01,2020-01-01 00:00:00+00:00,0,0.047874377633090735,5222.0,8.0,resorting,brand_new_platform_share
2020-01,2020-01-01 00:00:00+00:00,1,0.06060780808488548,17341.0,8.0,resorting,brand_new_platform_share
2020-02,2020-02-01 00:00:00+00:00,0,0.06345933562428402,4365.0,8.0,resorting,brand_new_platform_share
2020-02,2020-02-01 00:00:00+00:00,1,0.08393972804116132,13605.0,8.0,resorting,brand_new_platform_share
2020-03,2020-03-01 00:00:00+00:00,0,0.07842238018803026,4361.0,8.0,resorting,brand_new_platform_share
2020-03,2020-03-01 00:00:00+00:00,1,0.09462698105914179,12935.0,8.0,resorting,brand_new_platform_share
2020-04,2020-04-01 00:00:00+00:00,0,0.08145722472370034,4886.0,8.0,resorting,brand_new_platform_share
2020-04,2020-04-01 00:00:00+00:00,1,0.11188433213972025,14801.0,8.0,resorting,brand_new_platform_share
2020-05,2020-05-01 00:00:00+00:00,0,0.09668284789644008,4944.0,8.0,resorting,brand_new_platform_share
2020-05,2020-05-01 00:00:00+00:00,1,0.12255843209958281,15103.0,8.0,resorting,brand_new_platform_share
2020-06,2020-06-01 00:00:00+00:00,0,0.09252823631624668,4604.0,8.0,resorting,brand_new_platform_share
2020-06,2020-06-01 00:00:00+00:00,1,0.1397168670413317,14057.0,8.0,resorting,brand_new_platform_share
2020-07,2020-07-01 00:00:00+00:00,0,0.09386617100371741,4304.0,8.0,resorting,brand_new_platform_share
2020-07,2020-07-01 00:00:00+00:00,1,0.1356020552535557,13429.0,8.0,resorting,brand_new_platform_share
2020-08,2020-08-01 00:00:00+00:00,0,0.10636106103528196,3883.0,8.0,resorting,brand_new_platform_share
2020-08,2020-08-01 00:00:00+00:00,1,0.15532691669432455,12052.0,8.0,resorting,brand_new_platform_share
2020-09,2020-09-01 00:00:00+00:00,0,0.1150825886812889,3693.0,8.0,resorting,brand_new_platform_share
2020-09,2020-09-01 00:00:00+00:00,1,0.1519337016574585,10860.0,8.0,resorting,brand_new_platform_share
2020-10,2020-10-01 00:00:00+00:00,0,0.11322291610100459,3683.0,8.0,resorting,brand_new_platform_share
2020-10,2020-10-01 00:00:00+00:00,1,0.16432865731462923,10978.0,8.0,resorting,brand_new_platform_share
2020-11,2020-11-01 00:00:00+00:00,0,0.12481730488161354,3421.0,8.0,resorting,brand_new_platform_share
2020-11,2020-11-01 00:00:00+00:00,1,0.16538990375171872,10182.0,8.0,resorting,brand_new_platform_share
2020-12,2020-12-01 00:00:00+00:00,0,0.1169139465875371,3370.0,8.0,resorting,brand_new_platform_share
2020-12,2020-12-01 00:00:00+00:00,1,0.1711467801198994,10342.0,8.0,resorting,brand_new_platform_share
2021-01,2021-01-01 00:00:00+00:00,0,0.11336482356210055,3599.0,8.0,resorting,brand_new_platform_share
2021-01,2021-01-01 00:00:00+00:00,1,0.17097159665410416,10879.0,8.0,resorting,brand_new_platform_share
2021-02,2021-02-01 00:00:00+00:00,0,0.12362555720653787,3365.0,8.0,resorting,brand_new_platform_share
2021-02,2021-02-01 00:00:00+00:00,1,0.17393514282809794,9837.0,8.0,resorting,brand_new_platform_share
2021-03,2021-03-01 00:00:00+00:00,0,0.12284541723666208,3655.0,8.0,resorting,brand_new_platform_share
2021-03,2021-03-01 00:00:00+00:00,1,0.17519042437431984,11028.0,8.0,resorting,brand_new_platform_share
2021-04,2021-04-01 00:00:00+00:00,0,0.12720950449145174,3451.0,8.0,resorting,brand_new_platform_share
2021-04,2021-04-01 00:00:00+00:00,1,0.1808302330135108,10214.0,8.0,resorting,brand_new_platform_share
2021-05,2021-05-01 00:00:00+00:00,0,0.14159779614325066,3630.0,8.0,resorting,brand_new_platform_share
2021-05,2021-05-01 00:00:00+00:00,1,0.1856498725740051,10202.0,8.0,resorting,brand_new_platform_share
2021-06,2021-06-01 00:00:00+00:00,0,0.13327475102519035,3414.0,8.0,resorting,brand_new_platform_share
2021-06,2021-06-01 00:00:00+00:00,1,0.1867785939139559,9530.0,8.0,resorting,brand_new_platform_share
2021-07,2021-07-01 00:00:00+00:00,0,0.14250232846941943,3221.0,8.0,resorting,brand_new_platform_share
2021-07,2021-07-01 00:00:00+00:00,1,0.18985339099251133,9481.0,8.0,resorting,brand_new_platform_share
2021-08,2021-08-01 00:00:00+00:00,0,0.14975399753997537,3252.0,8.0,resorting,brand_new_platform_share
2021-08,2021-08-01 00:00:00+00:00,1,0.18954733382805047,9433.0,8.0,resorting,brand_new_platform_share
2021-09,2021-09-01 00:00:00+00:00,0,0.1474078700811992,3202.0,8.0,resorting,brand_new_platform_share
2021-09,2021-09-01 00:00:00+00:00,1,0.19178539626001775,8984.0,8.0,resorting,brand_new_platform_share
2021-10,2021-10-01 00:00:00+00:00,0,0.1382086548138208,2981.0,8.0,resorting,brand_new_platform_share
2021-10,2021-10-01 00:00:00+00:00,1,0.20252593594948126,8868.0,8.0,resorting,brand_new_platform_share
2021-11,2021-11-01 00:00:00+00:00,0,0.14814814814814814,2835.0,8.0,resorting,brand_new_platform_share
2021-11,2021-11-01 00:00:00+00:00,1,0.20077616710421184,8761.0,8.0,resorting,brand_new_platform_share
2021-12,2021-12-01 00:00:00+00:00,0,0.14305555555555552,2880.0,8.0,resorting,brand_new_platform_share
2021-12,2021-12-01 00:00:00+00:00,1,0.21710756322106975,8581.0,8.0,resorting,brand_new_platform_share
2022-01,2022-01-01 00:00:00+00:00,0,0.15665713377820142,3147.0,8.0,resorting,brand_new_platform_share
2022-01,2022-01-01 00:00:00+00:00,1,0.2102278922691091,9171.0,8.0,resorting,brand_new_platform_share
2022-02,2022-02-01 00:00:00+00:00,0,0.1729222520107238,2984.0,8.0,resorting,brand_new_platform_share
2022-02,2022-02-01 00:00:00+00:00,1,0.22350097824835993,8689.0,8.0,resorting,brand_new_platform_share
2022-03,2022-03-01 00:00:00+00:00,0,0.1709233791748526,3054.0,8.0,resorting,brand_new_platform_share
2022-03,2022-03-01 00:00:00+00:00,1,0.21611520281411445,9097.0,8.0,resorting,brand_new_platform_share
2022-04,2022-04-01 00:00:00+00:00,0,0.17171717171717168,2871.0,8.0,resorting,brand_new_platform_share
2022-04,2022-04-01 00:00:00+00:00,1,0.22820710124216775,9097.0,8.0,resorting,brand_new_platform_share
2022-05,2022-05-01 00:00:00+00:00,0,0.1753681392235609,2988.0,8.0,resorting,brand_new_platform_share
2022-05,2022-05-01 00:00:00+00:00,1,0.23887740672250626,9193.0,8.0,resorting,brand_new_platform_share
2022-06,2022-06-01 00:00:00+00:00,0,0.1695478723404255,3008.0,8.0,resorting,brand_new_platform_share
2022-06,2022-06-01 00:00:00+00:00,1,0.2309523809523809,8820.0,8.0,resorting,brand_new_platform_share
2022-07,2022-07-01 00:00:00+00:00,0,0.15670381627828434,2961.0,8.0,resorting,brand_new_platform_share
2022-07,2022-07-01 00:00:00+00:00,1,0.2235359116022099,9050.0,8.0,resorting,brand_new_platform_share
2022-08,2022-08-01 00:00:00+00:00,0,0.17048756861478848,3097.0,8.0,resorting,brand_new_platform_share
2022-08,2022-08-01 00:00:00+00:00,1,0.23423134487919606,9354.0,8.0,resorting,brand_new_platform_share
2022-09,2022-09-01 00:00:00+00:00,0,0.1748726655348047,2945.0,8.0,resorting,brand_new_platform_share
2022-09,2022-09-01 00:00:00+00:00,1,0.24619379204532033,8473.0,8.0,resorting,brand_new_platform_share
2022-10,2022-10-01 00:00:00+00:00,0,0.1695926966292134,2848.0,8.0,resorting,brand_new_platform_share
2022-10,2022-10-01 00:00:00+00:00,1,0.2395930776426567,8552.0,8.0,resorting,brand_new_platform_share
2022-11,2022-11-01 00:00:00+00:00,0,0.18388356407525733,2817.0,8.0,resorting,brand_new_platform_share
2022-11,2022-11-01 00:00:00+00:00,1,0.24703748488512695,8270.0,8.0,resorting,brand_new_platform_share
2022-12,2022-12-01 00:00:00+00:00,0,0.1656200941915227,2548.0,8.0,resorting,brand_new_platform_share
2022-12,2022-12-01 00:00:00+00:00,1,0.25943336297802055,7871.0,8.0,resorting,brand_new_platform_share
2023-01,2023-01-01 00:00:00+00:00,0,0.1916605705925384,2734.0,8.0,resorting,brand_new_platform_share
2023-01,2023-01-01 00:00:00+00:00,1,0.2511550308008213,7792.0,8.0,resorting,brand_new_platform_share
2023-02,2023-02-01 00:00:00+00:00,0,0.17490039840637445,2510.0,8.0,resorting,brand_new_platform_share
2023-02,2023-02-01 00:00:00+00:00,1,0.24368018812463257,6804.0,8.0,resorting,brand_new_platform_share
2023-03,2023-03-01 00:00:00+00:00,0,0.25078003120124803,2564.0,8.0,resorting,brand_new_platform_share
2023-03,2023-03-01 00:00:00+00:00,1,0.3601731601731602,6930.0,8.0,resorting,brand_new_platform_share
2023-04,2023-04-01 00:00:00+00:00,0,0.29917032698877494,2049.0,8.0,resorting,brand_new_platform_share
2023-04,2023-04-01 00:00:00+00:00,1,0.42666920296747196,5257.0,8.0,resorting,brand_new_platform_share
2023-05,2023-05-01 00:00:00+00:00,0,0.297583081570997,1986.0,8.0,resorting,brand_new_platform_share
2023-05,2023-05-01 00:00:00+00:00,1,0.4312647289866457,5092.0,8.0,resorting,brand_new_platform_share
2023-06,2023-06-01 00:00:00+00:00,0,0.30446058091286304,1928.0,8.0,resorting,brand_new_platform_share
2023-06,2023-06-01 00:00:00+00:00,1,0.45052757316344816,5023.0,8.0,resorting,brand_new_platform_share
2023-07,2023-07-01 00:00:00+00:00,0,0.3293172690763052,1992.0,8.0,resorting,brand_new_platform_share
2023-07,2023-07-01 00:00:00+00:00,1,0.4810025860354088,5027.0,8.0,resorting,brand_new_platform_share
2023-08,2023-08-01 00:00:00+00:00,0,0.35936727632229365,2023.0,8.0,resorting,brand_new_platform_share
2023-08,2023-08-01 00:00:00+00:00,1,0.4740570952281725,4799.0,8.0,resorting,brand_new_platform_share
2023-09,2023-09-01 00:00:00+00:00,0,0.34105385060799065,1727.0,8.0,resorting,brand_new_platform_share
2023-09,2023-09-01 00:00:00+00:00,1,0.4695121951219512,4100.0,8.0,resorting,brand_new_platform_share
2023-10,2023-10-01 00:00:00+00:00,0,0.3532033426183844,1795.0,8.0,resorting,brand_new_platform_share
2023-10,2023-10-01 00:00:00+00:00,1,0.48054187192118225,4060.0,8.0,resorting,brand_new_platform_share
2023-11,2023-11-01 00:00:00+00:00,0,0.35435992578849723,1617.0,8.0,resorting,brand_new_platform_share
2023-11,2023-11-01 00:00:00+00:00,1,0.4934486373165618,3816.0,8.0,resorting,brand_new_platform_share
2023-12,2023-12-01 00:00:00+00:00,0,0.37700145560407566,1374.0,8.0,resorting,brand_new_platform_share
2023-12,2023-12-01 00:00:00+00:00,1,0.5206707140792136,3459.0,8.0,resorting,brand_new_platform_share
2024-01,2024-01-01 00:00:00+00:00,0,0.38378684807256236,1764.0,8.0,resorting,brand_new_platform_share
2024-01,2024-01-01 00:00:00+00:00,1,0.503751617076326,3865.0,8.0,resorting,brand_new_platform_share
2024-02,2024-02-01 00:00:00+00:00,0,0.39231738035264485,1588.0,8.0,resorting,brand_new_platform_share
2024-02,2024-02-01 00:00:00+00:00,1,0.5055803571428571,3584.0,8.0,resorting,brand_new_platform_share
2024-03,2024-03-01 00:00:00+00:00,0,0.3998703823720026,1543.0,8.0,resorting,brand_new_platform_share
2024-03,2024-03-01 00:00:00+00:00,1,0.5196241017136539,3618.0,8.0,resorting,brand_new_platform_share
2024-04,2024-04-01 00:00:00+00:00,0,0.413768115942029,1380.0,8.0,resorting,brand_new_platform_share
2024-04,2024-04-01 00:00:00+00:00,1,0.5352637614678899,3488.0,8.0,resorting,brand_new_platform_share
2024-05,2024-05-01 00:00:00+00:00,0,0.4392338177014531,1514.0,8.0,resorting,brand_new_platform_share
2024-05,2024-05-01 00:00:00+00:00,1,0.5461515777056916,3391.0,8.0,resorting,brand_new_platform_share
2024-06,2024-06-01 00:00:00+00:00,0,0.4184277261200338,1183.0,8.0,resorting,brand_new_platform_share
2024-06,2024-06-01 00:00:00+00:00,1,0.5448859455481972,2718.0,8.0,resorting,brand_new_platform_share
2024-07,2024-07-01 00:00:00+00:00,0,0.40702314445331206,1253.0,8.0,resorting,brand_new_platform_share
2024-07,2024-07-01 00:00:00+00:00,1,0.5327929255711128,2714.0,8.0,resorting,brand_new_platform_share
2024-08,2024-08-01 00:00:00+00:00,0,0.44281045751633985,1224.0,8.0,resorting,brand_new_platform_share
2024-08,2024-08-01 00:00:00+00:00,1,0.5513803680981595,2608.0,8.0,resorting,brand_new_platform_share
2024-09,2024-09-01 00:00:00+00:00,0,0.4110486891385768,1068.0,8.0,resorting,brand_new_platform_share
2024-09,2024-09-01 00:00:00+00:00,1,0.5281385281385281,2079.0,8.0,resorting,brand_new_platform_share
2024-10,2024-10-01 00:00:00+00:00,0,0.3958529688972667,1061.0,8.0,resorting,brand_new_platform_share
2024-10,2024-10-01 00:00:00+00:00,1,0.5342871238283177,2027.0,8.0,resorting,brand_new_platform_share
2024-11,2024-11-01 00:00:00+00:00,0,0.4502032520325203,984.0,8.0,resorting,brand_new_platform_share
2024-11,2024-11-01 00:00:00+00:00,1,0.5618639528655597,1867.0,8.0,resorting,brand_new_platform_share
2024-12,2024-12-01 00:00:00+00:00,0,0.4703030303030303,825.0,8.0,resorting,brand_new_platform_share
2024-12,2024-12-01 00:00:00+00:00,1,0.543398533007335,1636.0,8.0,resorting,brand_new_platform_share
2025-01,2025-01-01 00:00:00+00:00,0,0.4105960264900662,906.0,8.0,resorting,brand_new_platform_share
2025-01,2025-01-01 00:00:00+00:00,1,0.5448444173276388,1639.0,8.0,resorting,brand_new_platform_share
2025-02,2025-02-01 00:00:00+00:00,0,0.42800528401585203,757.0,8.0,resorting,brand_new_platform_share
2025-02,2025-02-01 00:00:00+00:00,1,0.5305706521739131,1472.0,8.0,resorting,brand_new_platform_share
2025-03,2025-03-01 00:00:00+00:00,0,0.4225941422594142,717.0,8.0,resorting,brand_new_platform_share
2025-03,2025-03-01 00:00:00+00:00,1,0.5342878673700076,1327.0,8.0,resorting,brand_new_platform_share
2025-04,2025-04-01 00:00:00+00:00,0,0.475,520.0,8.0,resorting,brand_new_platform_share
2025-04,2025-04-01 00:00:00+00:00,1,0.559322033898305,1121.0,8.0,resorting,brand_new_platform_share
2025-05,2025-05-01 00:00:00+00:00,0,0.46485260770975056,441.0,8.0,resorting,brand_new_platform_share
2025-05,2025-05-01 00:00:00+00:00,1,0.590042372881356,944.0,8.0,resorting,brand_new_platform_share
2025-06,2025-06-01 00:00:00+00:00,0,0.4740932642487047,386.0,8.0,resorting,brand_new_platform_share
2025-06,2025-06-01 00:00:00+00:00,1,0.5606276747503567,701.0,8.0,resorting,brand_new_platform_share
2025-07,2025-07-01 00:00:00+00:00,0,0.45012787723785164,391.0,8.0,resorting,brand_new_platform_share
2025-07,2025-07-01 00:00:00+00:00,1,0.6086350974930362,718.0,7.0,resorting,brand_new_platform_share
2025-08,2025-08-01 00:00:00+00:00,0,0.4474708171206226,257.0,8.0,resorting,brand_new_platform_share
2025-08,2025-08-01 00:00:00+00:00,1,0.5791505791505791,518.0,7.0,resorting,brand_new_platform_share
2025-09,2025-09-01 00:00:00+00:00,0,0.44745762711864406,295.0,8.0,resorting,brand_new_platform_share
2025-09,2025-09-01 00:00:00+00:00,1,0.5801217038539553,493.0,7.0,resorting,brand_new_platform_share
2025-10,2025-10-01 00:00:00+00:00,0,0.4444444444444444,225.0,8.0,resorting,brand_new_platform_share
2025-10,2025-10-01 00:00:00+00:00,1,0.5421940928270043,474.0,8.0,resorting,brand_new_platform_share
2025-11,2025-11-01 00:00:00+00:00,0,0.4195121951219512,205.0,8.0,resorting,brand_new_platform_share
2025-11,2025-11-01 00:00:00+00:00,1,0.5890736342042755,421.0,6.0,resorting,brand_new_platform_share
2025-12,2025-12-01 00:00:00+00:00,0,0.43243243243243246,185.0,8.0,resorting,brand_new_platform_share
2025-12,2025-12-01 00:00:00+00:00,1,0.625,328.0,6.0,resorting,brand_new_platform_share
2020-01,2020-01-01 00:00:00+00:00,0,0.630317445796359,10931.0,8.0,response,first_answer_1d_rate_closure
2020-01,2020-01-01 00:00:00+00:00,1,0.7370091545786008,38123.0,8.0,response,first_answer_1d_rate_closure
2020-02,2020-02-01 00:00:00+00:00,0,0.619348054679285,10461.0,8.0,response,first_answer_1d_rate_closure
2020-02,2020-02-01 00:00:00+00:00,1,0.7359186469255493,37958.0,8.0,response,first_answer_1d_rate_closure
2020-03,2020-03-01 00:00:00+00:00,0,0.5957881642082815,11254.0,8.0,response,first_answer_1d_rate_closure
2020-03,2020-03-01 00:00:00+00:00,1,0.7301350743973695,42273.0,8.0,response,first_answer_1d_rate_closure
2020-04,2020-04-01 00:00:00+00:00,0,0.6112517803449913,12638.0,8.0,response,first_answer_1d_rate_closure
2020-04,2020-04-01 00:00:00+00:00,1,0.7359873756541888,50062.0,8.0,response,first_answer_1d_rate_closure
2020-05,2020-05-01 00:00:00+00:00,0,0.5992440021599938,12963.0,8.0,response,first_answer_1d_rate_closure
2020-05,2020-05-01 00:00:00+00:00,1,0.7399077054329701,51574.0,8.0,response,first_answer_1d_rate_closure
2020-06,2020-06-01 00:00:00+00:00,0,0.6049937578027466,12015.0,8.0,response,first_answer_1d_rate_closure
2020-06,2020-06-01 00:00:00+00:00,1,0.7408354467523213,47711.0,8.0,response,first_answer_1d_rate_closure
2020-07,2020-07-01 00:00:00+00:00,0,0.6060841089279558,11604.0,8.0,response,first_answer_1d_rate_closure
2020-07,2020-07-01 00:00:00+00:00,1,0.743324110417605,46623.0,8.0,response,first_answer_1d_rate_closure
2020-08,2020-08-01 00:00:00+00:00,0,0.6020268953420386,10262.0,8.0,response,first_answer_1d_rate_closure
2020-08,2020-08-01 00:00:00+00:00,1,0.7446165651527504,41702.0,8.0,response,first_answer_1d_rate_closure
2020-09,2020-09-01 00:00:00+00:00,0,0.587384744341995,9544.0,8.0,response,first_answer_1d_rate_closure
2020-09,2020-09-01 00:00:00+00:00,1,0.7421559411600315,39361.0,8.0,response,first_answer_1d_rate_closure
2020-10,2020-10-01 00:00:00+00:00,0,0.5723499427858109,9613.0,8.0,response,first_answer_1d_rate_closure
2020-10,2020-10-01 00:00:00+00:00,1,0.7457113520823421,39931.0,8.0,response,first_answer_1d_rate_closure
2020-11,2020-11-01 00:00:00+00:00,0,0.5706247129076711,8708.0,8.0,response,first_answer_1d_rate_closure
2020-11,2020-11-01 00:00:00+00:00,1,0.7402651416688328,38470.0,8.0,response,first_answer_1d_rate_closure
2020-12,2020-12-01 00:00:00+00:00,0,0.5869689030641303,8779.0,8.0,response,first_answer_1d_rate_closure
2020-12,2020-12-01 00:00:00+00:00,1,0.7401307324103145,38858.0,8.0,response,first_answer_1d_rate_closure
2021-01,2021-01-01 00:00:00+00:00,0,0.5915953964734453,9471.0,8.0,response,first_answer_1d_rate_closure
2021-01,2021-01-01 00:00:00+00:00,1,0.733392999204455,40224.0,8.0,response,first_answer_1d_rate_closure
2021-02,2021-02-01 00:00:00+00:00,0,0.5855491329479768,8650.0,8.0,response,first_answer_1d_rate_closure
2021-02,2021-02-01 00:00:00+00:00,1,0.7249323582201506,37329.0,8.0,response,first_answer_1d_rate_closure
2021-03,2021-03-01 00:00:00+00:00,0,0.5843485442907289,9686.0,8.0,response,first_answer_1d_rate_closure
2021-03,2021-03-01 00:00:00+00:00,1,0.718616608459449,41232.0,8.0,response,first_answer_1d_rate_closure
2021-04,2021-04-01 00:00:00+00:00,0,0.5789650162065497,8947.0,8.0,response,first_answer_1d_rate_closure
2021-04,2021-04-01 00:00:00+00:00,1,0.722327035897966,38693.0,8.0,response,first_answer_1d_rate_closure
2021-05,2021-05-01 00:00:00+00:00,0,0.5691615081598199,8885.0,8.0,response,first_answer_1d_rate_closure
2021-05,2021-05-01 00:00:00+00:00,1,0.7319924674373595,38234.0,8.0,response,first_answer_1d_rate_closure
2021-06,2021-06-01 00:00:00+00:00,0,0.5778376478856742,8537.0,8.0,response,first_answer_1d_rate_closure
2021-06,2021-06-01 00:00:00+00:00,1,0.7211208905705904,36471.0,8.0,response,first_answer_1d_rate_closure
2021-07,2021-07-01 00:00:00+00:00,0,0.5758838233543626,8401.0,8.0,response,first_answer_1d_rate_closure
2021-07,2021-07-01 00:00:00+00:00,1,0.7184094338568155,35786.0,8.0,response,first_answer_1d_rate_closure
2021-08,2021-08-01 00:00:00+00:00,0,0.5716539254944788,8241.0,8.0,response,first_answer_1d_rate_closure
2021-08,2021-08-01 00:00:00+00:00,1,0.7252457512968217,34893.0,8.0,response,first_answer_1d_rate_closure
2021-09,2021-09-01 00:00:00+00:00,0,0.5621803667207185,8017.0,8.0,response,first_answer_1d_rate_closure
2021-09,2021-09-01 00:00:00+00:00,1,0.7251118401431553,33530.0,8.0,response,first_answer_1d_rate_closure
2021-10,2021-10-01 00:00:00+00:00,0,0.5582255083179297,7574.0,8.0,response,first_answer_1d_rate_closure
2021-10,2021-10-01 00:00:00+00:00,1,0.7246147885434984,33553.0,8.0,response,first_answer_1d_rate_closure
2021-11,2021-11-01 00:00:00+00:00,0,0.5463903919757159,7577.0,8.0,response,first_answer_1d_rate_closure
2021-11,2021-11-01 00:00:00+00:00,1,0.7089958096823086,33649.0,8.0,response,first_answer_1d_rate_closure
2021-12,2021-12-01 00:00:00+00:00,0,0.541782729805014,7180.0,8.0,response,first_answer_1d_rate_closure
2021-12,2021-12-01 00:00:00+00:00,1,0.7076485658938949,32006.0,8.0,response,first_answer_1d_rate_closure
2022-01,2022-01-01 00:00:00+00:00,0,0.5456962025316455,7900.0,8.0,response,first_answer_1d_rate_closure
2022-01,2022-01-01 00:00:00+00:00,1,0.7079813316004018,33854.0,8.0,response,first_answer_1d_rate_closure
2022-02,2022-02-01 00:00:00+00:00,0,0.5423682031465636,7246.0,8.0,response,first_answer_1d_rate_closure
2022-02,2022-02-01 00:00:00+00:00,1,0.69810795770729,32346.0,8.0,response,first_answer_1d_rate_closure
2022-03,2022-03-01 00:00:00+00:00,0,0.5157648890618918,7707.0,8.0,response,first_answer_1d_rate_closure
2022-03,2022-03-01 00:00:00+00:00,1,0.6871474087281868,34211.0,8.0,response,first_answer_1d_rate_closure
2022-04,2022-04-01 00:00:00+00:00,0,0.5247065642660484,6901.0,8.0,response,first_answer_1d_rate_closure
2022-04,2022-04-01 00:00:00+00:00,1,0.6926633045148896,33312.0,8.0,response,first_answer_1d_rate_closure
2022-05,2022-05-01 00:00:00+00:00,0,0.5134649910233393,7241.0,8.0,response,first_answer_1d_rate_closure
2022-05,2022-05-01 00:00:00+00:00,1,0.6913716137711735,32706.0,8.0,response,first_answer_1d_rate_closure
2022-06,2022-06-01 00:00:00+00:00,0,0.5324378393826807,6998.0,8.0,response,first_answer_1d_rate_closure
2022-06,2022-06-01 00:00:00+00:00,1,0.6826335877862595,31440.0,8.0,response,first_answer_1d_rate_closure
2022-07,2022-07-01 00:00:00+00:00,0,0.5474764756201882,7014.0,8.0,response,first_answer_1d_rate_closure
2022-07,2022-07-01 00:00:00+00:00,1,0.6930021148322338,31681.0,8.0,response,first_answer_1d_rate_closure
2022-08,2022-08-01 00:00:00+00:00,0,0.5450991343200223,7162.0,8.0,response,first_answer_1d_rate_closure
2022-08,2022-08-01 00:00:00+00:00,1,0.7065036305912678,31813.0,8.0,response,first_answer_1d_rate_closure
2022-09,2022-09-01 00:00:00+00:00,0,0.5478287745325298,6471.0,8.0,response,first_answer_1d_rate_closure
2022-09,2022-09-01 00:00:00+00:00,1,0.7106371323907015,29209.0,8.0,response,first_answer_1d_rate_closure
2022-10,2022-10-01 00:00:00+00:00,0,0.5385786029523665,6571.0,8.0,response,first_answer_1d_rate_closure
2022-10,2022-10-01 00:00:00+00:00,1,0.7082317274105319,30346.0,8.0,response,first_answer_1d_rate_closure
2022-11,2022-11-01 00:00:00+00:00,0,0.518753874767514,6452.0,8.0,response,first_answer_1d_rate_closure
2022-11,2022-11-01 00:00:00+00:00,1,0.6978190135627074,31041.0,8.0,response,first_answer_1d_rate_closure
2022-12,2022-12-01 00:00:00+00:00,0,0.5315586807299515,5973.0,8.0,response,first_answer_1d_rate_closure
2022-12,2022-12-01 00:00:00+00:00,1,0.6878072763028515,26442.0,8.0,response,first_answer_1d_rate_closure
2023-01,2023-01-01 00:00:00+00:00,0,0.5286530612244899,6125.0,8.0,response,first_answer_1d_rate_closure
2023-01,2023-01-01 00:00:00+00:00,1,0.6840556136478061,25821.0,8.0,response,first_answer_1d_rate_closure
2023-02,2023-02-01 00:00:00+00:00,0,0.5255650240829937,5398.0,8.0,response,first_answer_1d_rate_closure
2023-02,2023-02-01 00:00:00+00:00,1,0.6806320541760722,22150.0,8.0,response,first_answer_1d_rate_closure
2023-03,2023-03-01 00:00:00+00:00,0,0.49358059914407987,5608.0,8.0,response,first_answer_1d_rate_closure
2023-03,2023-03-01 00:00:00+00:00,1,0.6695656092285508,22192.0,8.0,response,first_answer_1d_rate_closure
2023-04,2023-04-01 00:00:00+00:00,0,0.49501219241853245,4511.0,8.0,response,first_answer_1d_rate_closure
2023-04,2023-04-01 00:00:00+00:00,1,0.6397110230715451,17164.0,8.0,response,first_answer_1d_rate_closure
2023-05,2023-05-01 00:00:00+00:00,0,0.4960254372019078,4403.0,8.0,response,first_answer_1d_rate_closure
2023-05,2023-05-01 00:00:00+00:00,1,0.6409784807798419,16311.0,8.0,response,first_answer_1d_rate_closure
2023-06,2023-06-01 00:00:00+00:00,0,0.45664053219291995,4209.0,8.0,response,first_answer_1d_rate_closure
2023-06,2023-06-01 00:00:00+00:00,1,0.6259537131230926,15728.0,8.0,response,first_answer_1d_rate_closure
2023-07,2023-07-01 00:00:00+00:00,0,0.4839773798303487,4244.0,8.0,response,first_answer_1d_rate_closure
2023-07,2023-07-01 00:00:00+00:00,1,0.639992199180914,15383.0,8.0,response,first_answer_1d_rate_closure
2023-08,2023-08-01 00:00:00+00:00,0,0.4897008337420304,4078.0,8.0,response,first_answer_1d_rate_closure
2023-08,2023-08-01 00:00:00+00:00,1,0.6226002258610954,14168.0,8.0,response,first_answer_1d_rate_closure
2023-09,2023-09-01 00:00:00+00:00,0,0.47012278308321964,3665.0,8.0,response,first_answer_1d_rate_closure
2023-09,2023-09-01 00:00:00+00:00,1,0.6289426376858964,12238.0,8.0,response,first_answer_1d_rate_closure
2023-10,2023-10-01 00:00:00+00:00,0,0.5004181767493727,3587.0,8.0,response,first_answer_1d_rate_closure
2023-10,2023-10-01 00:00:00+00:00,1,0.6362277934584094,12046.0,8.0,response,first_answer_1d_rate_closure
2023-11,2023-11-01 00:00:00+00:00,0,0.4698514418875619,3433.0,8.0,response,first_answer_1d_rate_closure
2023-11,2023-11-01 00:00:00+00:00,1,0.6235406036495719,11563.0,8.0,response,first_answer_1d_rate_closure
2023-12,2023-12-01 00:00:00+00:00,0,0.4610169491525424,2950.0,8.0,response,first_answer_1d_rate_closure
2023-12,2023-12-01 00:00:00+00:00,1,0.6150505050505051,9900.0,8.0,response,first_answer_1d_rate_closure
2024-01,2024-01-01 00:00:00+00:00,0,0.48624140087554724,3198.0,8.0,response,first_answer_1d_rate_closure
2024-01,2024-01-01 00:00:00+00:00,1,0.6243444659122275,10869.0,8.0,response,first_answer_1d_rate_closure
2024-02,2024-02-01 00:00:00+00:00,0,0.4614646626159258,3127.0,8.0,response,first_answer_1d_rate_closure
2024-02,2024-02-01 00:00:00+00:00,1,0.6121367035879959,10563.0,8.0,response,first_answer_1d_rate_closure
2024-03,2024-03-01 00:00:00+00:00,0,0.497923875432526,2890.0,8.0,response,first_answer_1d_rate_closure
2024-03,2024-03-01 00:00:00+00:00,1,0.6111705750705458,10277.0,8.0,response,first_answer_1d_rate_closure
2024-04,2024-04-01 00:00:00+00:00,0,0.4817005545286506,2705.0,8.0,response,first_answer_1d_rate_closure
2024-04,2024-04-01 00:00:00+00:00,1,0.6022030551802972,9623.0,8.0,response,first_answer_1d_rate_closure
2024-05,2024-05-01 00:00:00+00:00,0,0.4752796824251173,2771.0,8.0,response,first_answer_1d_rate_closure
2024-05,2024-05-01 00:00:00+00:00,1,0.5972192048663915,9206.0,8.0,response,first_answer_1d_rate_closure
2024-06,2024-06-01 00:00:00+00:00,0,0.4438228438228438,2145.0,8.0,response,first_answer_1d_rate_closure
2024-06,2024-06-01 00:00:00+00:00,1,0.590020132297958,6954.0,8.0,response,first_answer_1d_rate_closure
2024-07,2024-07-01 00:00:00+00:00,0,0.4427975914775359,2159.0,8.0,response,first_answer_1d_rate_closure
2024-07,2024-07-01 00:00:00+00:00,1,0.6067989495185293,6854.0,8.0,response,first_answer_1d_rate_closure
2024-08,2024-08-01 00:00:00+00:00,0,0.485729112610275,1927.0,8.0,response,first_answer_1d_rate_closure
2024-08,2024-08-01 00:00:00+00:00,1,0.6291632145816073,6035.0,8.0,response,first_answer_1d_rate_closure
2024-09,2024-09-01 00:00:00+00:00,0,0.4578512396694215,1815.0,8.0,response,first_answer_1d_rate_closure
2024-09,2024-09-01 00:00:00+00:00,1,0.612772525564345,5183.0,8.0,response,first_answer_1d_rate_closure
2024-10,2024-10-01 00:00:00+00:00,0,0.4937578027465668,1602.0,8.0,response,first_answer_1d_rate_closure
2024-10,2024-10-01 00:00:00+00:00,1,0.6156455374178503,4717.0,8.0,response,first_answer_1d_rate_closure
2024-11,2024-11-01 00:00:00+00:00,0,0.49658002735978113,1462.0,8.0,response,first_answer_1d_rate_closure
2024-11,2024-11-01 00:00:00+00:00,1,0.6066362106275547,4159.0,8.0,response,first_answer_1d_rate_closure
2024-12,2024-12-01 00:00:00+00:00,0,0.4710547184773989,1261.0,8.0,response,first_answer_1d_rate_closure
2024-12,2024-12-01 00:00:00+00:00,1,0.5872583719030765,3673.0,8.0,response,first_answer_1d_rate_closure
2025-01,2025-01-01 00:00:00+00:00,0,0.37832699619771865,1578.0,8.0,response,first_answer_1d_rate_closure
2025-01,2025-01-01 00:00:00+00:00,1,0.515889584783113,4311.0,8.0,response,first_answer_1d_rate_closure
2025-02,2025-02-01 00:00:00+00:00,0,0.3600273785078713,1461.0,8.0,response,first_answer_1d_rate_closure
2025-02,2025-02-01 00:00:00+00:00,1,0.5391574780887758,3537.0,8.0,response,first_answer_1d_rate_closure
2025-03,2025-03-01 00:00:00+00:00,0,0.337709700948213,1371.0,8.0,response,first_answer_1d_rate_closure
2025-03,2025-03-01 00:00:00+00:00,1,0.5307606263982103,3576.0,8.0,response,first_answer_1d_rate_closure
2025-04,2025-04-01 00:00:00+00:00,0,0.3262752646775746,1039.0,8.0,response,first_answer_1d_rate_closure
2025-04,2025-04-01 00:00:00+00:00,1,0.5730295106462457,2677.0,8.0,response,first_answer_1d_rate_closure
2025-05,2025-05-01 00:00:00+00:00,0,0.3412887828162291,838.0,8.0,response,first_answer_1d_rate_closure
2025-05,2025-05-01 00:00:00+00:00,1,0.5677390122338015,2207.0,8.0,response,first_answer_1d_rate_closure
2025-06,2025-06-01 00:00:00+00:00,0,0.3707533234859675,677.0,8.0,response,first_answer_1d_rate_closure
2025-06,2025-06-01 00:00:00+00:00,1,0.5744047619047619,1680.0,8.0,response,first_answer_1d_rate_closure
2025-07,2025-07-01 00:00:00+00:00,0,0.3993610223642172,626.0,8.0,response,first_answer_1d_rate_closure
2025-07,2025-07-01 00:00:00+00:00,1,0.6280821917808219,1460.0,7.0,response,first_answer_1d_rate_closure
2025-08,2025-08-01 00:00:00+00:00,0,0.37360178970917224,447.0,8.0,response,first_answer_1d_rate_closure
2025-08,2025-08-01 00:00:00+00:00,1,0.6233766233766234,1078.0,7.0,response,first_answer_1d_rate_closure
2025-09,2025-09-01 00:00:00+00:00,0,0.386,500.0,8.0,response,first_answer_1d_rate_closure
2025-09,2025-09-01 00:00:00+00:00,1,0.570363466915191,1073.0,8.0,response,first_answer_1d_rate_closure
2025-10,2025-10-01 00:00:00+00:00,0,0.33076923076923076,390.0,8.0,response,first_answer_1d_rate_closure
2025-10,2025-10-01 00:00:00+00:00,1,0.5897435897435898,975.0,8.0,response,first_answer_1d_rate_closure
2025-11,2025-11-01 00:00:00+00:00,0,0.3680981595092024,326.0,8.0,response,first_answer_1d_rate_closure
2025-11,2025-11-01 00:00:00+00:00,1,0.606516290726817,798.0,7.0,response,first_answer_1d_rate_closure
2025-12,2025-12-01 00:00:00+00:00,0,0.3664383561643836,292.0,8.0,response,first_answer_1d_rate_closure
2025-12,2025-12-01 00:00:00+00:00,1,0.5829528158295282,657.0,6.0,response,first_answer_1d_rate_closure
2020-01,2020-01-01 00:00:00+00:00,0,0.20739182142530413,10931.0,8.0,settlement,accepted_vote_30d_rate
2020-01,2020-01-01 00:00:00+00:00,1,0.19678409359179497,38123.0,8.0,settlement,accepted_vote_30d_rate
2020-02,2020-02-01 00:00:00+00:00,0,0.21011375585508074,10461.0,8.0,settlement,accepted_vote_30d_rate
2020-02,2020-02-01 00:00:00+00:00,1,0.19492597080984242,37958.0,8.0,settlement,accepted_vote_30d_rate
2020-03,2020-03-01 00:00:00+00:00,0,0.2017949173627155,11254.0,8.0,settlement,accepted_vote_30d_rate
2020-03,2020-03-01 00:00:00+00:00,1,0.19421380077117778,42273.0,8.0,settlement,accepted_vote_30d_rate
2020-04,2020-04-01 00:00:00+00:00,0,0.2137205253995885,12638.0,8.0,settlement,accepted_vote_30d_rate
2020-04,2020-04-01 00:00:00+00:00,1,0.19695577483919932,50062.0,8.0,settlement,accepted_vote_30d_rate
2020-05,2020-05-01 00:00:00+00:00,0,0.20064799814857673,12963.0,8.0,settlement,accepted_vote_30d_rate
2020-05,2020-05-01 00:00:00+00:00,1,0.1940900453716989,51574.0,8.0,settlement,accepted_vote_30d_rate
2020-06,2020-06-01 00:00:00+00:00,0,0.19991677070328756,12015.0,8.0,settlement,accepted_vote_30d_rate
2020-06,2020-06-01 00:00:00+00:00,1,0.19509127874075158,47711.0,8.0,settlement,accepted_vote_30d_rate
2020-07,2020-07-01 00:00:00+00:00,0,0.20846259910375733,11604.0,8.0,settlement,accepted_vote_30d_rate
2020-07,2020-07-01 00:00:00+00:00,1,0.19458207322566112,46623.0,8.0,settlement,accepted_vote_30d_rate
2020-08,2020-08-01 00:00:00+00:00,0,0.2204248684466965,10262.0,8.0,settlement,accepted_vote_30d_rate
2020-08,2020-08-01 00:00:00+00:00,1,0.19939091650280558,41702.0,8.0,settlement,accepted_vote_30d_rate
2020-09,2020-09-01 00:00:00+00:00,0,0.2097652975691534,9544.0,8.0,settlement,accepted_vote_30d_rate
2020-09,2020-09-01 00:00:00+00:00,1,0.19394832448362587,39361.0,8.0,settlement,accepted_vote_30d_rate
2020-10,2020-10-01 00:00:00+00:00,0,0.21606158327265157,9613.0,8.0,settlement,accepted_vote_30d_rate
2020-10,2020-10-01 00:00:00+00:00,1,0.1983170969923117,39931.0,8.0,settlement,accepted_vote_30d_rate
2020-11,2020-11-01 00:00:00+00:00,0,0.21279283417547082,8708.0,8.0,settlement,accepted_vote_30d_rate
2020-11,2020-11-01 00:00:00+00:00,1,0.19435924096698717,38470.0,8.0,settlement,accepted_vote_30d_rate
2020-12,2020-12-01 00:00:00+00:00,0,0.21107187606788927,8779.0,8.0,settlement,accepted_vote_30d_rate
2020-12,2020-12-01 00:00:00+00:00,1,0.19128622162746406,38858.0,8.0,settlement,accepted_vote_30d_rate
2021-01,2021-01-01 00:00:00+00:00,0,0.20937598986379474,9471.0,8.0,settlement,accepted_vote_30d_rate
2021-01,2021-01-01 00:00:00+00:00,1,0.19294451073985674,40224.0,8.0,settlement,accepted_vote_30d_rate
2021-02,2021-02-01 00:00:00+00:00,0,0.21294797687861267,8650.0,8.0,settlement,accepted_vote_30d_rate
2021-02,2021-02-01 00:00:00+00:00,1,0.1948619036138123,37329.0,8.0,settlement,accepted_vote_30d_rate
2021-03,2021-03-01 00:00:00+00:00,0,0.2128845756762337,9686.0,8.0,settlement,accepted_vote_30d_rate
2021-03,2021-03-01 00:00:00+00:00,1,0.19509119130772212,41232.0,8.0,settlement,accepted_vote_30d_rate
2021-04,2021-04-01 00:00:00+00:00,0,0.20498491114340003,8947.0,8.0,settlement,accepted_vote_30d_rate
2021-04,2021-04-01 00:00:00+00:00,1,0.19236037526167518,38693.0,8.0,settlement,accepted_vote_30d_rate
2021-05,2021-05-01 00:00:00+00:00,0,0.20461451885199772,8885.0,8.0,settlement,accepted_vote_30d_rate
2021-05,2021-05-01 00:00:00+00:00,1,0.1935450122927237,38234.0,8.0,settlement,accepted_vote_30d_rate
2021-06,2021-06-01 00:00:00+00:00,0,0.20698137519034784,8537.0,8.0,settlement,accepted_vote_30d_rate
2021-06,2021-06-01 00:00:00+00:00,1,0.18891722190233334,36471.0,8.0,settlement,accepted_vote_30d_rate
2021-07,2021-07-01 00:00:00+00:00,0,0.2065230329722652,8401.0,8.0,settlement,accepted_vote_30d_rate
2021-07,2021-07-01 00:00:00+00:00,1,0.19328787794109425,35786.0,8.0,settlement,accepted_vote_30d_rate
2021-08,2021-08-01 00:00:00+00:00,0,0.20822715689843466,8241.0,8.0,settlement,accepted_vote_30d_rate
2021-08,2021-08-01 00:00:00+00:00,1,0.19562662998309116,34893.0,8.0,settlement,accepted_vote_30d_rate
2021-09,2021-09-01 00:00:00+00:00,0,0.207558937258326,8017.0,8.0,settlement,accepted_vote_30d_rate
2021-09,2021-09-01 00:00:00+00:00,1,0.19331941544885173,33530.0,8.0,settlement,accepted_vote_30d_rate
2021-10,2021-10-01 00:00:00+00:00,0,0.21890678637443886,7574.0,8.0,settlement,accepted_vote_30d_rate
2021-10,2021-10-01 00:00:00+00:00,1,0.19279945161386458,33553.0,8.0,settlement,accepted_vote_30d_rate
2021-11,2021-11-01 00:00:00+00:00,0,0.21512471954599446,7577.0,8.0,settlement,accepted_vote_30d_rate
2021-11,2021-11-01 00:00:00+00:00,1,0.19308151802430978,33649.0,8.0,settlement,accepted_vote_30d_rate
2021-12,2021-12-01 00:00:00+00:00,0,0.19623955431754875,7180.0,8.0,settlement,accepted_vote_30d_rate
2021-12,2021-12-01 00:00:00+00:00,1,0.1856214459788789,32006.0,8.0,settlement,accepted_vote_30d_rate
2022-01,2022-01-01 00:00:00+00:00,0,0.19987341772151893,7900.0,8.0,settlement,accepted_vote_30d_rate
2022-01,2022-01-01 00:00:00+00:00,1,0.1958705027470904,33854.0,8.0,settlement,accepted_vote_30d_rate
2022-02,2022-02-01 00:00:00+00:00,0,0.19528015456803746,7246.0,8.0,settlement,accepted_vote_30d_rate
2022-02,2022-02-01 00:00:00+00:00,1,0.18299016879985155,32346.0,8.0,settlement,accepted_vote_30d_rate
2022-03,2022-03-01 00:00:00+00:00,0,0.19125470351628385,7707.0,8.0,settlement,accepted_vote_30d_rate
2022-03,2022-03-01 00:00:00+00:00,1,0.18581742714331648,34211.0,8.0,settlement,accepted_vote_30d_rate
2022-04,2022-04-01 00:00:00+00:00,0,0.18736415012317048,6901.0,8.0,settlement,accepted_vote_30d_rate
2022-04,2022-04-01 00:00:00+00:00,1,0.18182636887608067,33312.0,8.0,settlement,accepted_vote_30d_rate
2022-05,2022-05-01 00:00:00+00:00,0,0.18063803342079823,7241.0,8.0,settlement,accepted_vote_30d_rate
2022-05,2022-05-01 00:00:00+00:00,1,0.1822295603253225,32706.0,8.0,settlement,accepted_vote_30d_rate
2022-06,2022-06-01 00:00:00+00:00,0,0.19448413832523576,6998.0,8.0,settlement,accepted_vote_30d_rate
2022-06,2022-06-01 00:00:00+00:00,1,0.18794529262086515,31440.0,8.0,settlement,accepted_vote_30d_rate
2022-07,2022-07-01 00:00:00+00:00,0,0.1904761904761904,7014.0,8.0,settlement,accepted_vote_30d_rate
2022-07,2022-07-01 00:00:00+00:00,1,0.18780972822827563,31681.0,8.0,settlement,accepted_vote_30d_rate
2022-08,2022-08-01 00:00:00+00:00,0,0.19659313041049986,7162.0,8.0,settlement,accepted_vote_30d_rate
2022-08,2022-08-01 00:00:00+00:00,1,0.19111683902807028,31813.0,8.0,settlement,accepted_vote_30d_rate
2022-09,2022-09-01 00:00:00+00:00,0,0.19208777623242154,6471.0,8.0,settlement,accepted_vote_30d_rate
2022-09,2022-09-01 00:00:00+00:00,1,0.18771611489609363,29209.0,8.0,settlement,accepted_vote_30d_rate
2022-10,2022-10-01 00:00:00+00:00,0,0.2056003652412114,6571.0,8.0,settlement,accepted_vote_30d_rate
2022-10,2022-10-01 00:00:00+00:00,1,0.19037105384564687,30346.0,8.0,settlement,accepted_vote_30d_rate
2022-11,2022-11-01 00:00:00+00:00,0,0.18800371977681335,6452.0,8.0,settlement,accepted_vote_30d_rate
2022-11,2022-11-01 00:00:00+00:00,1,0.18523887761347888,31041.0,8.0,settlement,accepted_vote_30d_rate
2022-12,2022-12-01 00:00:00+00:00,0,0.19621630671354423,5973.0,8.0,settlement,accepted_vote_30d_rate
2022-12,2022-12-01 00:00:00+00:00,1,0.188034188034188,26442.0,8.0,settlement,accepted_vote_30d_rate
2023-01,2023-01-01 00:00:00+00:00,0,0.19102040816326527,6125.0,8.0,settlement,accepted_vote_30d_rate
2023-01,2023-01-01 00:00:00+00:00,1,0.19751365167886598,25821.0,8.0,settlement,accepted_vote_30d_rate
2023-02,2023-02-01 00:00:00+00:00,0,0.1782141533901445,5398.0,8.0,settlement,accepted_vote_30d_rate
2023-02,2023-02-01 00:00:00+00:00,1,0.19390519187358912,22150.0,8.0,settlement,accepted_vote_30d_rate
2023-03,2023-03-01 00:00:00+00:00,0,0.19490014265335232,5608.0,8.0,settlement,accepted_vote_30d_rate
2023-03,2023-03-01 00:00:00+00:00,1,0.19412400865176632,22192.0,8.0,settlement,accepted_vote_30d_rate
2023-04,2023-04-01 00:00:00+00:00,0,0.1893150077588118,4511.0,8.0,settlement,accepted_vote_30d_rate
2023-04,2023-04-01 00:00:00+00:00,1,0.18882544861337683,17164.0,8.0,settlement,accepted_vote_30d_rate
2023-05,2023-05-01 00:00:00+00:00,0,0.18351124233477176,4403.0,8.0,settlement,accepted_vote_30d_rate
2023-05,2023-05-01 00:00:00+00:00,1,0.19066887376617006,16311.0,8.0,settlement,accepted_vote_30d_rate
2023-06,2023-06-01 00:00:00+00:00,0,0.1853171774768353,4209.0,8.0,settlement,accepted_vote_30d_rate
2023-06,2023-06-01 00:00:00+00:00,1,0.18908952187182093,15728.0,8.0,settlement,accepted_vote_30d_rate
2023-07,2023-07-01 00:00:00+00:00,0,0.18967954759660696,4244.0,8.0,settlement,accepted_vote_30d_rate
2023-07,2023-07-01 00:00:00+00:00,1,0.19742572970161867,15383.0,8.0,settlement,accepted_vote_30d_rate
2023-08,2023-08-01 00:00:00+00:00,0,0.19396763119176064,4078.0,8.0,settlement,accepted_vote_30d_rate
2023-08,2023-08-01 00:00:00+00:00,1,0.19508752117447764,14168.0,8.0,settlement,accepted_vote_30d_rate
2023-09,2023-09-01 00:00:00+00:00,0,0.19045020463847198,3665.0,8.0,settlement,accepted_vote_30d_rate
2023-09,2023-09-01 00:00:00+00:00,1,0.1988887073051152,12238.0,8.0,settlement,accepted_vote_30d_rate
2023-10,2023-10-01 00:00:00+00:00,0,0.20713688318929468,3587.0,8.0,settlement,accepted_vote_30d_rate
2023-10,2023-10-01 00:00:00+00:00,1,0.20230782002324424,12046.0,8.0,settlement,accepted_vote_30d_rate
2023-11,2023-11-01 00:00:00+00:00,0,0.17797844450917566,3433.0,8.0,settlement,accepted_vote_30d_rate
2023-11,2023-11-01 00:00:00+00:00,1,0.19242411138977766,11563.0,8.0,settlement,accepted_vote_30d_rate
2023-12,2023-12-01 00:00:00+00:00,0,0.16440677966101688,2950.0,8.0,settlement,accepted_vote_30d_rate
2023-12,2023-12-01 00:00:00+00:00,1,0.18919191919191913,9900.0,8.0,settlement,accepted_vote_30d_rate
2024-01,2024-01-01 00:00:00+00:00,0,0.2041901188242651,3198.0,8.0,settlement,accepted_vote_30d_rate
2024-01,2024-01-01 00:00:00+00:00,1,0.19854632440886927,10869.0,8.0,settlement,accepted_vote_30d_rate
2024-02,2024-02-01 00:00:00+00:00,0,0.1925167892548769,3127.0,8.0,settlement,accepted_vote_30d_rate
2024-02,2024-02-01 00:00:00+00:00,1,0.1905708605509798,10563.0,8.0,settlement,accepted_vote_30d_rate
2024-03,2024-03-01 00:00:00+00:00,0,0.19653979238754318,2890.0,8.0,settlement,accepted_vote_30d_rate
2024-03,2024-03-01 00:00:00+00:00,1,0.19743115695241795,10277.0,8.0,settlement,accepted_vote_30d_rate
2024-04,2024-04-01 00:00:00+00:00,0,0.18188539741219958,2705.0,8.0,settlement,accepted_vote_30d_rate
2024-04,2024-04-01 00:00:00+00:00,1,0.1919359866985347,9623.0,8.0,settlement,accepted_vote_30d_rate
2024-05,2024-05-01 00:00:00+00:00,0,0.18296643810898588,2771.0,8.0,settlement,accepted_vote_30d_rate
2024-05,2024-05-01 00:00:00+00:00,1,0.19769715402998042,9206.0,8.0,settlement,accepted_vote_30d_rate
2024-06,2024-06-01 00:00:00+00:00,0,0.19300699300699298,2145.0,8.0,settlement,accepted_vote_30d_rate
2024-06,2024-06-01 00:00:00+00:00,1,0.20693126258268615,6954.0,8.0,settlement,accepted_vote_30d_rate
2024-07,2024-07-01 00:00:00+00:00,0,0.1848077813802686,2159.0,8.0,settlement,accepted_vote_30d_rate
2024-07,2024-07-01 00:00:00+00:00,1,0.20703238984534572,6854.0,8.0,settlement,accepted_vote_30d_rate
2024-08,2024-08-01 00:00:00+00:00,0,0.18889465490399585,1927.0,8.0,settlement,accepted_vote_30d_rate
2024-08,2024-08-01 00:00:00+00:00,1,0.207953603976802,6035.0,8.0,settlement,accepted_vote_30d_rate
2024-09,2024-09-01 00:00:00+00:00,0,0.19393939393939388,1815.0,8.0,settlement,accepted_vote_30d_rate
2024-09,2024-09-01 00:00:00+00:00,1,0.20972409801273395,5183.0,8.0,settlement,accepted_vote_30d_rate
2024-10,2024-10-01 00:00:00+00:00,0,0.2128589263420724,1602.0,8.0,settlement,accepted_vote_30d_rate
2024-10,2024-10-01 00:00:00+00:00,1,0.21284714861140555,4717.0,8.0,settlement,accepted_vote_30d_rate
2024-11,2024-11-01 00:00:00+00:00,0,0.22024623803009571,1462.0,8.0,settlement,accepted_vote_30d_rate
2024-11,2024-11-01 00:00:00+00:00,1,0.2166386150516951,4159.0,8.0,settlement,accepted_vote_30d_rate
2024-12,2024-12-01 00:00:00+00:00,0,0.20697858842188738,1261.0,8.0,settlement,accepted_vote_30d_rate
2024-12,2024-12-01 00:00:00+00:00,1,0.21508303838823845,3673.0,8.0,settlement,accepted_vote_30d_rate
2025-01,2025-01-01 00:00:00+00:00,0,0.1634980988593156,1578.0,8.0,settlement,accepted_vote_30d_rate
2025-01,2025-01-01 00:00:00+00:00,1,0.19531431222454182,4311.0,8.0,settlement,accepted_vote_30d_rate
2025-02,2025-02-01 00:00:00+00:00,0,0.17522245037645445,1461.0,8.0,settlement,accepted_vote_30d_rate
2025-02,2025-02-01 00:00:00+00:00,1,0.19479785128640084,3537.0,8.0,settlement,accepted_vote_30d_rate
2025-03,2025-03-01 00:00:00+00:00,0,0.16046681254558712,1371.0,8.0,settlement,accepted_vote_30d_rate
2025-03,2025-03-01 00:00:00+00:00,1,0.20022371364653238,3576.0,8.0,settlement,accepted_vote_30d_rate
2025-04,2025-04-01 00:00:00+00:00,0,0.12800769971126078,1039.0,8.0,settlement,accepted_vote_30d_rate
2025-04,2025-04-01 00:00:00+00:00,1,0.20956294359357486,2677.0,8.0,settlement,accepted_vote_30d_rate
2025-05,2025-05-01 00:00:00+00:00,0,0.16109785202863958,838.0,8.0,settlement,accepted_vote_30d_rate
2025-05,2025-05-01 00:00:00+00:00,1,0.1989125509741731,2207.0,8.0,settlement,accepted_vote_30d_rate
2025-06,2025-06-01 00:00:00+00:00,0,0.14623338257016247,677.0,8.0,settlement,accepted_vote_30d_rate
2025-06,2025-06-01 00:00:00+00:00,1,0.19821428571428568,1680.0,8.0,settlement,accepted_vote_30d_rate
2025-07,2025-07-01 00:00:00+00:00,0,0.19648562300319483,626.0,8.0,settlement,accepted_vote_30d_rate
2025-07,2025-07-01 00:00:00+00:00,1,0.2226027397260274,1460.0,7.0,settlement,accepted_vote_30d_rate
2025-08,2025-08-01 00:00:00+00:00,0,0.19910514541387017,447.0,8.0,settlement,accepted_vote_30d_rate
2025-08,2025-08-01 00:00:00+00:00,1,0.23283858998144707,1078.0,7.0,settlement,accepted_vote_30d_rate
2025-09,2025-09-01 00:00:00+00:00,0,0.16799999999999995,500.0,8.0,settlement,accepted_vote_30d_rate
2025-09,2025-09-01 00:00:00+00:00,1,0.2199440820130475,1073.0,8.0,settlement,accepted_vote_30d_rate
2025-10,2025-10-01 00:00:00+00:00,0,0.17692307692307688,390.0,8.0,settlement,accepted_vote_30d_rate
2025-10,2025-10-01 00:00:00+00:00,1,0.21435897435897433,975.0,8.0,settlement,accepted_vote_30d_rate
2025-11,2025-11-01 00:00:00+00:00,0,0.1656441717791411,326.0,8.0,settlement,accepted_vote_30d_rate
2025-11,2025-11-01 00:00:00+00:00,1,0.22305764411027568,798.0,7.0,settlement,accepted_vote_30d_rate
2025-12,2025-12-01 00:00:00+00:00,0,0.14285714285714285,14.0,3.0,settlement,accepted_vote_30d_rate
2025-12,2025-12-01 00:00:00+00:00,1,0.13333333333333333,15.0,4.0,settlement,accepted_vote_30d_rate
