tag,group,window_id,month_order,post_chatgpt,high_tag,time_index,time_post,n_questions,accepted_rate,answered_share,novice_share,mean_answer_count,mean_log_answers,mean_score,mean_log_views,mean_owner_rep,mean_log_owner_rep,high_post,log_questions
bash,high,2022-01,2022-01,0,1,1.0,0.0,198,0.5656565656565656,0.7878787878787878,0.6616161616161617,1.3585858585858586,0.7860366369995689,0.7474747474747475,6.064858987748738,2370.7979797979797,5.272332524779054,0,5.293304824724492
bash,high,2022-02,2022-02,0,1,2.0,0.0,212,0.5566037735849056,0.7405660377358491,0.6933962264150944,1.349056603773585,0.7845343038686104,0.5330188679245284,6.041739942889061,2082.561320754717,4.891102590490959,0,5.3612921657094255
bash,high,2022-03,2022-03,0,1,3.0,0.0,207,0.48792270531400966,0.6666666666666666,0.6859903381642513,1.2705314009661837,0.733931336514798,0.42028985507246375,5.804594567480567,2463.9565217391305,4.794876649495673,0,5.337538079701318
bash,high,2022-04,2022-04,0,1,4.0,0.0,210,0.5047619047619047,0.6761904761904762,0.7095238095238096,1.3714285714285714,0.7636919657879145,0.3476190476190476,5.809294942971196,846.8619047619047,4.34728078691987,0,5.351858133476067
bash,high,2022-05,2022-05,0,1,5.0,0.0,171,0.49707602339181284,0.6432748538011696,0.7660818713450293,1.4152046783625731,0.7804112198549826,0.6081871345029239,5.913546633110935,1563.046783625731,4.780023424992751,0,5.147494476813453
bash,high,2022-06,2022-06,0,1,6.0,0.0,175,0.52,0.68,0.7257142857142858,1.5142857142857142,0.8081870916495997,0.4514285714285714,5.895280900562553,1151.2114285714285,4.599522264865698,0,5.170483995038151
bash,high,2022-07,2022-07,0,1,7.0,0.0,168,0.49404761904761907,0.6607142857142857,0.7559523809523809,1.4226190476190477,0.7798729551186477,0.8154761904761905,5.830170229055421,1784.2261904761904,4.514567162609909,0,5.1298987149230735
bash,high,2022-08,2022-08,0,1,8.0,0.0,196,0.5510204081632653,0.6989795918367347,0.6836734693877551,1.280612244897959,0.7446114526307601,0.40816326530612246,5.63118665266824,3263.576530612245,4.96025671634912,0,5.2832037287379885
bash,high,2022-09,2022-09,0,1,9.0,0.0,120,0.5416666666666666,0.7416666666666667,0.75,1.475,0.8272467905865805,0.15833333333333333,5.4844811746237845,1353.375,4.671474962359028,0,4.795790545596741
bash,high,2022-10,2022-10,0,1,10.0,0.0,171,0.47953216374269003,0.6783625730994152,0.6900584795321637,1.2748538011695907,0.7458495288864301,0.16374269005847952,5.662268942367844,956.5497076023391,4.5332749182182965,0,5.147494476813453
bash,high,2022-11,2022-11,0,1,11.0,0.0,173,0.45664739884393063,0.6473988439306358,0.815028901734104,1.2196531791907514,0.710980565171844,0.20809248554913296,5.269903724454914,670.6184971098265,4.028747370603953,0,5.159055299214529
bash,high,2022-12,2022-12,1,1,12.0,1.0,180,0.4888888888888889,0.6888888888888889,0.7055555555555556,1.2833333333333334,0.7466561446722915,0.3111111111111111,5.471751747903077,3703.3055555555557,4.469946908647259,1,5.198497031265826
bash,high,2023-01,2023-01,1,1,13.0,2.0,127,0.4409448818897638,0.6771653543307087,0.7322834645669292,1.3385826771653544,0.7575188167350292,0.3228346456692913,5.260221264052829,2324.3937007874015,4.429912877747093,1,4.852030263919617
bash,high,2023-02,2023-02,1,1,14.0,3.0,155,0.5096774193548387,0.7032258064516129,0.6838709677419355,1.3096774193548386,0.734337934355993,0.3419354838709677,5.321616551980276,1604.374193548387,4.926369871748536,1,5.049856007249537
bash,high,2023-03,2023-03,1,1,15.0,4.0,117,0.5726495726495726,0.7094017094017094,0.7008547008547008,1.1794871794871795,0.7149662464664834,0.5726495726495726,5.354964209791574,1665.5128205128206,4.515995760594728,1,4.770684624465665
bash,high,2023-04,2023-04,1,1,16.0,5.0,101,0.43564356435643564,0.6237623762376238,0.6237623762376238,1.4059405940594059,0.7567514550349241,0.6336633663366337,5.510912593133102,1476.980198019802,5.146317172203022,1,4.624972813284271
bash,high,2023-05,2023-05,1,1,17.0,6.0,102,0.46078431372549017,0.7156862745098039,0.6666666666666666,1.392156862745098,0.7757600454865784,0.28431372549019607,5.289072174112654,2782.8529411764707,4.959079525976428,1,4.634728988229636
bash,high,2023-06,2023-06,1,1,18.0,7.0,73,0.4520547945205479,0.6438356164383562,0.684931506849315,1.3150684931506849,0.7375971720427551,0.3013698630136986,5.268647705513207,1192.6575342465753,4.969300890367534,1,4.30406509320417
bash,high,2023-07,2023-07,1,1,19.0,8.0,81,0.4691358024691358,0.6172839506172839,0.6790123456790124,1.2839506172839505,0.7141481496998019,0.2345679012345679,5.240456420089517,4293.888888888889,4.852819723661052,1,4.406719247264253
bash,high,2023-08,2023-08,1,1,20.0,9.0,89,0.5393258426966292,0.7528089887640449,0.6629213483146067,1.4831460674157304,0.8021695594097122,0.6067415730337079,5.316934276044509,2425.505617977528,4.984111440745186,1,4.499809670330265
bash,high,2023-09,2023-09,1,1,21.0,10.0,75,0.41333333333333333,0.72,0.64,1.4266666666666667,0.7862917783399195,0.6,5.505146597708515,5225.666666666667,5.164481955814311,1,4.330733340286331
bash,high,2023-10,2023-10,1,1,22.0,11.0,65,0.47692307692307695,0.7538461538461538,0.7846153846153846,1.2615384615384615,0.7199282879671582,0.3076923076923077,5.496027168492613,2114.076923076923,4.289081023349067,1,4.189654742026425
bash,high,2023-11,2023-11,1,1,23.0,12.0,43,0.5116279069767442,0.7674418604651163,0.7209302325581395,1.0465116279069768,0.6584837767599937,0.32558139534883723,5.182646056876119,799.8604651162791,4.626962089730796,1,3.784189633918261
bash,high,2023-12,2023-12,1,1,24.0,13.0,66,0.5,0.7727272727272727,0.7272727272727273,1.5,0.8064944851098834,0.25757575757575757,5.434899115431225,2873.909090909091,4.45710323502721,1,4.204692619390966
docker,low,2022-01,2022-01,0,0,1.0,0.0,89,0.43820224719101125,0.5393258426966292,0.550561797752809,0.898876404494382,0.582941646513684,0.8651685393258427,6.835508539080866,2592.14606741573,5.700616021859451,0,4.499809670330265
docker,low,2022-02,2022-02,0,0,2.0,0.0,91,0.3956043956043956,0.5054945054945055,0.5934065934065934,0.945054945054945,0.5750339960697395,1.1978021978021978,6.850244016461352,1610.1208791208792,5.138324161297841,0,4.5217885770490405
docker,low,2022-03,2022-03,0,0,3.0,0.0,94,0.22340425531914893,0.44680851063829785,0.5638297872340425,1.053191489361702,0.6110695214635722,1.6808510638297873,6.991301437989183,2665.468085106383,5.281629273334884,0,4.553876891600541
docker,low,2022-04,2022-04,0,0,4.0,0.0,91,0.31868131868131866,0.4835164835164835,0.6483516483516484,1.1758241758241759,0.6191105120398829,2.2637362637362637,6.940406076396333,1117.0549450549452,5.13770456207432,0,4.5217885770490405
docker,low,2022-05,2022-05,0,0,5.0,0.0,90,0.3333333333333333,0.4777777777777778,0.6666666666666666,1.0666666666666667,0.6029328161727566,1.7777777777777777,6.915881724328772,1283.4777777777779,5.201024531940664,0,4.51085950651685
docker,low,2022-06,2022-06,0,0,6.0,0.0,93,0.3763440860215054,0.5376344086021505,0.6451612903225806,1.043010752688172,0.6318404553137452,1.064516129032258,6.866915245110619,2224.4193548387098,5.066902366357521,0,4.543294782270004
docker,low,2022-07,2022-07,0,0,7.0,0.0,93,0.2903225806451613,0.4838709677419355,0.6881720430107527,0.9032258064516129,0.5526457478871397,1.2688172043010753,6.677748377224815,1448.47311827957,4.875523406541756,0,4.543294782270004
docker,low,2022-08,2022-08,0,0,8.0,0.0,94,0.2872340425531915,0.46808510638297873,0.5425531914893617,0.8829787234042553,0.5524885376686902,1.3829787234042554,6.757378629556219,2546.0851063829787,5.629776131472601,0,4.553876891600541
docker,low,2022-09,2022-09,0,0,9.0,0.0,92,0.31521739130434784,0.5434782608695652,0.6413043478260869,1.0543478260869565,0.6411337597336143,0.8369565217391305,6.6613542020429986,2147.086956521739,5.2635850389171726,0,4.532599493153256
docker,low,2022-10,2022-10,0,0,10.0,0.0,87,0.39080459770114945,0.5402298850574713,0.6666666666666666,0.9540229885057471,0.5948077603114178,0.8390804597701149,6.561541599104935,3730.977011494253,4.972107833417555,0,4.477336814478207
docker,low,2022-11,2022-11,0,0,11.0,0.0,95,0.3368421052631579,0.4421052631578947,0.6421052631578947,1.0210526315789474,0.6379477664688987,0.8210526315789474,6.3901439329149365,1759.7157894736843,5.272510656712164,0,4.564348191467836
docker,low,2022-12,2022-12,1,0,12.0,1.0,94,0.2978723404255319,0.48936170212765956,0.5425531914893617,0.9893617021276596,0.5951912789890773,1.627659574468085,6.6052395385239215,1925.5212765957447,5.691619981524478,0,4.553876891600541
docker,low,2023-01,2023-01,1,0,13.0,2.0,93,0.3333333333333333,0.46236559139784944,0.7096774193548387,0.8387096774193549,0.5293225898186502,0.9032258064516129,6.462916254004416,2480.3010752688174,5.223627884709175,0,4.543294782270004
docker,low,2023-02,2023-02,1,0,14.0,3.0,88,0.3181818181818182,0.45454545454545453,0.6590909090909091,0.9772727272727273,0.6013168216732774,0.9772727272727273,6.437952467734515,2837.9204545454545,5.081672205465757,0,4.48863636973214
docker,low,2023-03,2023-03,1,0,15.0,4.0,88,0.3181818181818182,0.45454545454545453,0.6818181818181818,0.8295454545454546,0.4950459133295287,1.0909090909090908,6.527450295973412,2008.9545454545455,4.870386927282698,0,4.48863636973214
docker,low,2023-04,2023-04,1,0,16.0,5.0,92,0.3695652173913043,0.4782608695652174,0.6304347826086957,0.8152173913043478,0.5136186937729615,1.173913043478261,6.104827717572912,2901.1304347826085,5.685231449279608,0,4.532599493153256
docker,low,2023-05,2023-05,1,0,17.0,6.0,93,0.20430107526881722,0.2903225806451613,0.7311827956989247,0.6236559139784946,0.40444513785387953,1.053763440860215,6.261256699721107,834.3010752688172,4.748161419346028,0,4.543294782270004
docker,low,2023-06,2023-06,1,0,18.0,7.0,95,0.30526315789473685,0.4421052631578947,0.6842105263157895,0.7789473684210526,0.5035863841264693,0.631578947368421,6.493486117272694,2171.621052631579,4.915677799519595,0,4.564348191467836
docker,low,2023-07,2023-07,1,0,19.0,8.0,91,0.25274725274725274,0.4175824175824176,0.7142857142857143,0.7912087912087912,0.5231334112165035,0.5164835164835165,6.225564520593582,876.9560439560439,4.402307014244063,0,4.5217885770490405
docker,low,2023-08,2023-08,1,0,20.0,9.0,91,0.32967032967032966,0.4835164835164835,0.7692307692307693,0.8131868131868132,0.5231334112165035,0.7912087912087912,6.323641865508059,1483.9450549450548,4.554588547868021,0,4.5217885770490405
docker,low,2023-09,2023-09,1,0,21.0,10.0,91,0.3626373626373626,0.5164835164835165,0.6263736263736264,0.9010989010989011,0.559799992101389,1.1868131868131868,6.366955355952155,4354.43956043956,5.343164458542959,0,4.5217885770490405
docker,low,2023-10,2023-10,1,0,22.0,11.0,91,0.34065934065934067,0.5274725274725275,0.7362637362637363,0.8901098901098901,0.5636705480748984,0.7142857142857143,6.117374643876821,2073.164835164835,4.910772380444467,0,4.5217885770490405
docker,low,2023-11,2023-11,1,0,23.0,12.0,92,0.2826086956521739,0.44565217391304346,0.7934782608695652,0.7717391304347826,0.47154042191526707,0.8043478260869565,6.156649313056192,1228.391304347826,4.624295395537281,0,4.532599493153256
docker,low,2023-12,2023-12,1,0,24.0,13.0,94,0.3191489361702128,0.5319148936170213,0.6595744680851063,0.851063829787234,0.5519341121246583,0.39361702127659576,5.887673126455187,1491.6489361702127,4.958081125113583,0,4.553876891600541
excel-formula,high,2022-01,2022-01,0,1,1.0,0.0,46,0.2608695652173913,0.5217391304347826,0.8478260869565217,1.326086956521739,0.773634799853256,0.2608695652173913,5.341203259754097,557.4347826086956,3.525228864356302,0,3.8501476017100584
excel-formula,high,2022-02,2022-02,0,1,2.0,0.0,58,0.46551724137931033,0.5517241379310345,0.8620689655172413,1.206896551724138,0.7078520206309175,0.4482758620689655,5.656031275817477,522.948275862069,3.5554800845949748,0,4.07753744390572
excel-formula,high,2022-03,2022-03,0,1,3.0,0.0,53,0.4528301886792453,0.6792452830188679,0.9622641509433962,1.2075471698113207,0.7173370363871503,0.6037735849056604,5.926797163424815,96.67924528301887,3.1752421339276506,0,3.9889840465642745
excel-formula,high,2022-04,2022-04,0,1,4.0,0.0,58,0.3275862068965517,0.603448275862069,0.8793103448275862,1.0344827586206897,0.6095109434816726,0.27586206896551724,5.608246239711262,304.63793103448273,3.451134587637777,0,4.07753744390572
excel-formula,high,2022-05,2022-05,0,1,5.0,0.0,52,0.40384615384615385,0.6538461538461539,0.8269230769230769,1.2692307692307692,0.7362082398914122,0.5769230769230769,5.7229755214865845,585.0576923076923,3.736539994269015,0,3.970291913552122
excel-formula,high,2022-06,2022-06,0,1,6.0,0.0,49,0.42857142857142855,0.5510204081632653,0.9183673469387755,1.1224489795918366,0.6387369827394931,-0.02040816326530612,5.388116550940928,406.0408163265306,2.932642054278151,0,3.912023005428146
excel-formula,high,2022-07,2022-07,0,1,7.0,0.0,64,0.453125,0.625,0.90625,1.1875,0.718506382838265,0.046875,5.442501491611777,338.6875,3.2866455890732107,0,4.174387269895637
excel-formula,high,2022-08,2022-08,0,1,8.0,0.0,72,0.3888888888888889,0.5972222222222222,0.9027777777777778,1.1111111111111112,0.6820724696871957,0.08333333333333333,5.410927415450948,297.80555555555554,2.84640814329827,0,4.290459441148391
excel-formula,high,2022-09,2022-09,0,1,9.0,0.0,55,0.41818181818181815,0.5636363636363636,0.8363636363636363,1.018181818181818,0.6230080900594083,0.07272727272727272,5.32542688159837,329.8,3.734880691141359,0,4.02535169073515
excel-formula,high,2022-10,2022-10,0,1,10.0,0.0,63,0.4126984126984127,0.6190476190476191,0.9047619047619048,1.253968253968254,0.7160149168935723,0.20634920634920634,5.559186527877252,161.6031746031746,2.861240422340114,0,4.1588830833596715
excel-formula,high,2022-11,2022-11,0,1,11.0,0.0,86,0.4883720930232558,0.6627906976744186,0.872093023255814,1.1627906976744187,0.6872335922226617,0.5116279069767442,5.443502869166235,179.01162790697674,3.512368400659958,0,4.465908118654584
excel-formula,high,2022-12,2022-12,1,1,12.0,1.0,72,0.4444444444444444,0.625,0.7777777777777778,1.3194444444444444,0.7434547306903145,0.6527777777777778,5.9092611679955525,1808.5277777777778,4.039456594322288,1,4.290459441148391
excel-formula,high,2023-01,2023-01,1,1,13.0,2.0,56,0.48214285714285715,0.6428571428571429,0.9642857142857143,1.0714285714285714,0.6436568196874457,0.44642857142857145,5.315092301288629,78.89285714285714,2.6989470893541987,1,4.04305126783455
excel-formula,high,2023-02,2023-02,1,1,14.0,3.0,69,0.391304347826087,0.6231884057971014,0.8985507246376812,1.5217391304347827,0.8489850623299153,0.2028985507246377,5.379569351008022,115.69565217391305,3.0238655682401525,1,4.248495242049359
excel-formula,high,2023-03,2023-03,1,1,15.0,4.0,55,0.43636363636363634,0.5636363636363636,0.9090909090909091,1.018181818181818,0.6230080900594083,0.21818181818181817,5.372289806814726,205.4,3.370610748210397,1,4.02535169073515
excel-formula,high,2023-04,2023-04,1,1,16.0,5.0,45,0.4444444444444444,0.7111111111111111,0.9333333333333333,1.2666666666666666,0.7303717349366446,0.3333333333333333,5.548426779705823,354.1111111111111,3.4920366398374716,1,3.828641396489095
excel-formula,high,2023-05,2023-05,1,1,17.0,6.0,36,0.5277777777777778,0.7777777777777778,0.75,1.5,0.8537547369258377,0.3055555555555556,5.586655453420724,980.3055555555555,4.106586768718921,1,3.6109179126442243
excel-formula,high,2023-06,2023-06,1,1,18.0,7.0,45,0.4666666666666667,0.6888888888888889,0.9555555555555556,1.4444444444444444,0.7701147045423885,0.5333333333333333,5.378570093179787,296.8222222222222,3.286690085819296,1,3.828641396489095
excel-formula,high,2023-07,2023-07,1,1,19.0,8.0,44,0.5454545454545454,0.75,0.9318181818181818,1.4318181818181819,0.7978357873637609,0.18181818181818182,5.595478805207073,330.52272727272725,3.3084837265294955,1,3.8066624897703196
excel-formula,high,2023-08,2023-08,1,1,20.0,9.0,40,0.55,0.775,0.975,1.55,0.8798539551285043,0.5,5.232618489633673,86.0,3.2529583742942534,1,3.713572066704308
excel-formula,high,2023-09,2023-09,1,1,21.0,10.0,39,0.41025641025641024,0.6923076923076923,0.9743589743589743,1.5897435897435896,0.8406779793344435,0.38461538461538464,5.35377441074012,104.58974358974359,3.3054636964788804,1,3.6888794541139363
excel-formula,high,2023-10,2023-10,1,1,22.0,11.0,58,0.46551724137931033,0.7413793103448276,0.8275862068965517,1.5862068965517242,0.8498775256070146,0.3275862068965517,5.368860186801537,2342.8275862068967,3.426412920687618,1,4.07753744390572
excel-formula,high,2023-11,2023-11,1,1,23.0,12.0,44,0.2727272727272727,0.5681818181818182,0.9090909090909091,1.5454545454545454,0.8456604824018735,0.13636363636363635,5.74745967229414,162.27272727272728,2.937262271153132,1,3.8066624897703196
excel-formula,high,2023-12,2023-12,1,1,24.0,13.0,33,0.36363636363636365,0.6363636363636364,0.9393939393939394,1.6363636363636365,0.866741953731258,0.3333333333333333,5.665573667414549,228.0909090909091,3.268794765268354,1,3.5263605246161616
kubernetes,low,2022-01,2022-01,0,0,1.0,0.0,180,0.37777777777777777,0.65,0.6444444444444445,1.1055555555555556,0.661780381078733,1.0888888888888888,6.971748619832759,2385.5222222222224,5.289819518103328,0,5.198497031265826
kubernetes,low,2022-02,2022-02,0,0,2.0,0.0,100,0.38,0.65,0.6,1.16,0.6786614220049667,1.24,7.121011676384565,1779.03,5.4198726328715345,0,4.61512051684126
kubernetes,low,2022-03,2022-03,0,0,3.0,0.0,96,0.3229166666666667,0.625,0.6041666666666666,1.125,0.6776326196222566,1.3125,6.959631834451314,1994.15625,5.413856236981324,0,4.574710978503383
kubernetes,low,2022-04,2022-04,0,0,4.0,0.0,98,0.40816326530612246,0.6224489795918368,0.47959183673469385,1.0816326530612246,0.6867558373695088,1.0510204081632653,6.956243047777303,1801.7755102040817,5.831754668657777,0,4.59511985013459
kubernetes,low,2022-05,2022-05,0,0,5.0,0.0,95,0.3473684210526316,0.6736842105263158,0.5473684210526316,1.5157894736842106,0.7833692168897103,2.294736842105263,7.223035179106201,4259.863157894737,5.744057273325062,0,4.564348191467836
kubernetes,low,2022-06,2022-06,0,0,6.0,0.0,98,0.35714285714285715,0.6122448979591837,0.6122448979591837,1.0408163265306123,0.6443182548862468,0.9081632653061225,6.9130117866332315,1929.6938775510205,5.447233698377392,0,4.59511985013459
kubernetes,low,2022-07,2022-07,0,0,7.0,0.0,97,0.3402061855670103,0.4845360824742268,0.6907216494845361,1.1546391752577319,0.6914189124152463,0.7319587628865979,6.583702474730035,1288.9484536082475,5.00272171319268,0,4.584967478670572
kubernetes,low,2022-08,2022-08,0,0,8.0,0.0,95,0.3368421052631579,0.5473684210526316,0.6210526315789474,0.8947368421052632,0.5662247267852875,0.7473684210526316,6.58792768949567,2279.5157894736844,5.253960657243297,0,4.564348191467836
kubernetes,low,2022-09,2022-09,0,0,9.0,0.0,97,0.35051546391752575,0.6288659793814433,0.6288659793814433,1.2474226804123711,0.7259338904270334,0.8247422680412371,6.432175391809016,1710.4432989690722,5.210803950995799,0,4.584967478670572
kubernetes,low,2022-10,2022-10,0,0,10.0,0.0,97,0.35051546391752575,0.5463917525773195,0.5979381443298969,1.092783505154639,0.6550126965666164,0.8247422680412371,6.691875417244464,1758.9896907216496,5.3700059949702315,0,4.584967478670572
kubernetes,low,2022-11,2022-11,0,0,11.0,0.0,91,0.42857142857142855,0.6483516483516484,0.5934065934065934,1.0769230769230769,0.6690266580261363,0.5054945054945055,6.306827355300645,1530.1868131868132,5.2060151326619994,0,4.5217885770490405
kubernetes,low,2022-12,2022-12,1,0,12.0,1.0,97,0.31958762886597936,0.6082474226804123,0.6185567010309279,1.1030927835051547,0.6704727279730793,1.0206185567010309,6.901258643260381,1531.1649484536083,5.421373124789258,0,4.584967478670572
kubernetes,low,2023-01,2023-01,1,0,13.0,2.0,101,0.3069306930693069,0.5247524752475248,0.693069306930693,1.0,0.6194834141975112,1.0792079207920793,6.424953344441937,1474.039603960396,5.13591716540058,0,4.624972813284271
kubernetes,low,2023-02,2023-02,1,0,14.0,3.0,152,0.375,0.5855263157894737,0.625,1.019736842105263,0.6507340974705008,0.868421052631579,6.4830161755442814,3404.684210526316,5.266923068194966,0,5.030437921392435
kubernetes,low,2023-03,2023-03,1,0,15.0,4.0,140,0.32857142857142857,0.4928571428571429,0.5928571428571429,0.8714285714285714,0.5764736146484557,0.7142857142857143,6.551019950366861,2727.635714285714,5.322753899678315,0,4.948759890378168
kubernetes,low,2023-04,2023-04,1,0,16.0,5.0,115,0.2782608695652174,0.5478260869565217,0.6521739130434783,0.9565217391304348,0.5923949982471891,0.808695652173913,6.3826597994874925,3081.7391304347825,5.3937186437520985,0,4.7535901911063645
kubernetes,low,2023-05,2023-05,1,0,17.0,6.0,82,0.32926829268292684,0.4878048780487805,0.5975609756097561,0.9512195121951219,0.5953845822564184,0.6951219512195121,6.381660975666905,3292.7926829268295,5.45968722566444,0,4.418840607796598
kubernetes,low,2023-06,2023-06,1,0,18.0,7.0,83,0.3855421686746988,0.5662650602409639,0.6626506024096386,1.036144578313253,0.6446224936403678,0.6385542168674698,6.574516514584262,1719.2168674698796,5.100355095054093,0,4.430816798843313
kubernetes,low,2023-07,2023-07,1,0,19.0,8.0,89,0.30337078651685395,0.4606741573033708,0.5842696629213483,0.8202247191011236,0.545909771614759,0.6292134831460674,6.2933962826489624,2573.6516853932585,5.499157242000398,0,4.499809670330265
kubernetes,low,2023-08,2023-08,1,0,20.0,9.0,117,0.3162393162393162,0.49572649572649574,0.5811965811965812,1.1111111111111112,0.558244171075707,1.0256410256410255,6.3404790458633355,3509.4700854700855,5.534159744465954,0,4.770684624465665
kubernetes,low,2023-09,2023-09,1,0,21.0,10.0,65,0.23076923076923078,0.4307692307692308,0.6461538461538462,0.9692307692307692,0.599002364006048,0.35384615384615387,6.421953738859136,1443.7846153846153,4.886393422861041,0,4.189654742026425
kubernetes,low,2023-10,2023-10,1,0,22.0,11.0,79,0.26582278481012656,0.4050632911392405,0.6835443037974683,0.8227848101265823,0.5287630494148161,0.4050632911392405,6.038364654513894,1950.6455696202531,4.999132856396891,0,4.382026634673881
kubernetes,low,2023-11,2023-11,1,0,23.0,12.0,75,0.25333333333333335,0.41333333333333333,0.7466666666666667,0.8533333333333334,0.5421499479347174,0.72,6.14926976378941,2101.8533333333335,4.773357146810489,0,4.330733340286331
kubernetes,low,2023-12,2023-12,1,0,24.0,13.0,54,0.37037037037037035,0.6481481481481481,0.6481481481481481,0.9074074074074074,0.5894935982336753,0.3888888888888889,5.979819344239253,1304.8148148148148,5.265246325929957,0,4.007333185232471
memory-management,low,2022-01,2022-01,0,0,1.0,0.0,13,0.46153846153846156,0.6923076923076923,0.38461538461538464,1.3846153846153846,0.7726913165238329,1.2307692307692308,5.857608202804486,13208.0,6.688375545908481,0,2.6390573296152584
memory-management,low,2022-02,2022-02,0,0,2.0,0.0,21,0.3333333333333333,0.47619047619047616,0.8095238095238095,1.1904761904761905,0.6870006547373195,0.47619047619047616,5.836717523456892,338.1904761904762,4.059387410012346,0,3.091042453358316
memory-management,low,2022-03,2022-03,0,0,3.0,0.0,12,0.5833333333333334,0.8333333333333334,0.5,1.3333333333333333,0.8043287105583516,0.5,5.826286716098512,1450.25,5.686595325778093,0,2.5649493574615367
memory-management,low,2022-04,2022-04,0,0,4.0,0.0,9,0.5555555555555556,0.5555555555555556,0.6666666666666666,0.5555555555555556,0.3850817669777474,0.3333333333333333,4.875553710332268,946.8888888888889,4.419078043377655,0,2.302585092994046
memory-management,low,2022-05,2022-05,0,0,5.0,0.0,16,0.375,0.5625,0.875,1.125,0.6825284907602329,0.5625,5.549185453520009,226.125,4.410977801909799,0,2.833213344056216
memory-management,low,2022-06,2022-06,0,0,6.0,0.0,18,0.3888888888888889,0.5,0.6111111111111112,0.8888888888888888,0.5456579757497565,1.1111111111111112,5.55320615830566,2827.6666666666665,5.292526082899247,0,2.9444389791664403
memory-management,low,2022-07,2022-07,0,0,7.0,0.0,10,0.3,0.9,0.6,1.2,0.7742402021815782,1.1,5.669308314301576,534.6,5.0833272177699,0,2.3978952727983707
memory-management,low,2022-08,2022-08,0,0,8.0,0.0,14,0.35714285714285715,0.5,0.7857142857142857,0.8571428571428571,0.5530287158439845,0.35714285714285715,5.766136927691931,861.0714285714286,4.46484763341275,0,2.70805020110221
memory-management,low,2022-09,2022-09,0,0,9.0,0.0,11,0.36363636363636365,0.45454545454545453,0.6363636363636364,0.7272727272727273,0.4518012090523637,0.8181818181818182,5.418471863069175,804.2727272727273,5.529648739964377,0,2.4849066497880004
memory-management,low,2022-10,2022-10,0,0,10.0,0.0,14,0.42857142857142855,0.7142857142857143,0.5,1.2857142857142858,0.7510707674325402,1.3571428571428572,5.339635061459347,2167.0,5.953218907326182,0,2.70805020110221
memory-management,low,2022-11,2022-11,0,0,11.0,0.0,13,0.38461538461538464,0.6923076923076923,0.7692307692307693,1.0,0.6488884001827482,0.3076923076923077,5.173379818232413,1590.7692307692307,4.452356506275779,0,2.6390573296152584
memory-management,low,2022-12,2022-12,1,0,12.0,1.0,19,0.3157894736842105,0.3684210526315789,0.6842105263157895,0.7368421052631579,0.4804577043650354,0.5789473684210527,5.227221750937265,2443.7894736842104,4.0895850158566525,0,2.995732273553991
memory-management,low,2023-01,2023-01,1,0,13.0,2.0,24,0.2916666666666667,0.5833333333333334,0.7083333333333334,0.9166666666666666,0.5825302769523037,0.125,5.285228264514042,1430.2083333333333,4.405035057880837,0,3.2188758248682006
memory-management,low,2023-02,2023-02,1,0,14.0,3.0,8,0.875,0.875,0.875,1.375,0.845196596100507,0.5,5.4633000302406876,3972.875,5.299829291763087,0,2.1972245773362196
memory-management,low,2023-03,2023-03,1,0,15.0,4.0,12,0.3333333333333333,0.5,0.75,0.6666666666666666,0.41415110829800006,0.75,5.210347175997434,329.5,4.589532451451452,0,2.5649493574615367
memory-management,low,2023-04,2023-04,1,0,16.0,5.0,15,0.2,0.4,0.8,0.6666666666666666,0.44291931554317815,0.3333333333333333,4.508027746401193,1949.8666666666666,4.7364845391632455,0,2.772588722239781
memory-management,low,2023-05,2023-05,1,0,17.0,6.0,12,0.5833333333333334,0.6666666666666666,0.75,0.75,0.4958868793823106,0.5833333333333334,5.0039652526107234,305.1666666666667,3.744965779359102,0,2.5649493574615367
memory-management,low,2023-06,2023-06,1,0,18.0,7.0,11,0.18181818181818182,0.2727272727272727,0.7272727272727273,0.45454545454545453,0.3150669002545206,1.0,5.678285710157932,1283.1818181818182,4.869827365047397,0,2.4849066497880004
memory-management,low,2023-07,2023-07,1,0,19.0,8.0,11,0.0,0.45454545454545453,0.6363636363636364,1.2727272727272727,0.7134329579521462,0.45454545454545453,5.112251676298706,623.2727272727273,4.955802062133563,0,2.4849066497880004
memory-management,low,2023-08,2023-08,1,0,20.0,9.0,9,0.2222222222222222,0.4444444444444444,0.6666666666666666,0.5555555555555556,0.3850817669777474,0.5555555555555556,5.705154528540805,579.8888888888889,5.045802950123999,0,2.302585092994046
memory-management,low,2023-09,2023-09,1,0,21.0,10.0,6,0.16666666666666666,0.5,0.3333333333333333,1.0,0.5776226504666211,1.6666666666666667,5.204232082770588,2098.6666666666665,6.547012802016067,0,1.9459101490553132
memory-management,low,2023-10,2023-10,1,0,22.0,11.0,7,0.2857142857142857,0.5714285714285714,0.7142857142857143,0.7142857142857143,0.45400769004970654,0.8571428571428571,4.699952261650269,437.0,4.11018742980854,0,2.0794415416798357
memory-management,low,2023-11,2023-11,1,0,23.0,12.0,10,0.4,0.7,0.7,0.9,0.5950642552587727,2.3,5.208675755292004,2637.2,5.474176282925516,0,2.3978952727983707
memory-management,low,2023-12,2023-12,1,0,24.0,13.0,7,0.42857142857142855,0.7142857142857143,0.8571428571428571,1.0,0.6109523027165793,0.14285714285714285,5.129770742839815,4308.285714285715,4.89236254277481,0,2.0794415416798357
multithreading,low,2022-01,2022-01,0,0,1.0,0.0,111,0.43243243243243246,0.6036036036036037,0.7297297297297297,0.9369369369369369,0.5898253974039941,1.072072072072072,5.9694539743718575,2623.6486486486488,4.589581517799023,0,4.718498871295094
multithreading,low,2022-02,2022-02,0,0,2.0,0.0,94,0.30851063829787234,0.46808510638297873,0.723404255319149,0.8936170212765957,0.5666819244769974,0.723404255319149,5.98691403058841,2195.755319148936,4.591924864135499,0,4.553876891600541
multithreading,low,2022-03,2022-03,0,0,3.0,0.0,106,0.4339622641509434,0.5943396226415094,0.6981132075471698,0.9622641509433962,0.5919825131202131,0.9056603773584906,5.86761490905113,1930.132075471698,4.970975865467804,0,4.672828834461906
multithreading,low,2022-04,2022-04,0,0,4.0,0.0,83,0.40963855421686746,0.5301204819277109,0.7951807228915663,0.9518072289156626,0.5847452249707775,0.7590361445783133,5.845971845781765,1649.2771084337348,4.090282683885948,0,4.430816798843313
multithreading,low,2022-05,2022-05,0,0,5.0,0.0,104,0.3942307692307692,0.5673076923076923,0.7403846153846154,1.0,0.6009503073313623,1.1346153846153846,5.841128439441237,898.5673076923077,4.6019723435508935,0,4.653960350157523
multithreading,low,2022-06,2022-06,0,0,6.0,0.0,95,0.3684210526315789,0.5578947368421052,0.8,0.9578947368421052,0.5948612817442429,0.8631578947368421,5.682742212887788,1441.6,4.189784378396333,0,4.564348191467836
multithreading,low,2022-07,2022-07,0,0,7.0,0.0,100,0.45,0.63,0.63,0.96,0.6031735574209359,0.67,5.714628445395226,1852.38,5.313393037542325,0,4.61512051684126
multithreading,low,2022-08,2022-08,0,0,8.0,0.0,102,0.35294117647058826,0.5,0.7549019607843137,0.8431372549019608,0.5301865795789616,0.4411764705882353,5.496968350780722,2680.529411764706,4.312832714513351,0,4.634728988229636
multithreading,low,2022-09,2022-09,0,0,9.0,0.0,73,0.3972602739726027,0.6027397260273972,0.7808219178082192,1.0136986301369864,0.6442435106273734,0.6027397260273972,5.8342834501927925,851.5205479452055,4.555331524114386,0,4.30406509320417
multithreading,low,2022-10,2022-10,0,0,10.0,0.0,73,0.3287671232876712,0.5205479452054794,0.6712328767123288,0.9178082191780822,0.5698956420133572,0.6575342465753424,5.624691976755569,2069.6438356164385,4.627110016636675,0,4.30406509320417
multithreading,low,2022-11,2022-11,0,0,11.0,0.0,91,0.34065934065934067,0.5714285714285714,0.7582417582417582,0.9340659340659341,0.5911137257648605,0.7472527472527473,5.413868443895971,2414.1758241758243,4.1829230006378095,0,4.5217885770490405
multithreading,low,2022-12,2022-12,1,0,12.0,1.0,100,0.38,0.53,0.81,0.91,0.5737486798305842,0.98,5.2661760015446255,1435.12,3.9194235725025113,0,4.61512051684126
multithreading,low,2023-01,2023-01,1,0,13.0,2.0,75,0.44,0.5866666666666667,0.7733333333333333,1.0666666666666667,0.6262031700621424,0.72,5.6485656936802275,1023.08,4.315592999558695,0,4.330733340286331
multithreading,low,2023-02,2023-02,1,0,14.0,3.0,84,0.27380952380952384,0.47619047619047616,0.7023809523809523,0.8928571428571429,0.5578556814167006,0.6190476190476191,5.314070874857267,823.9642857142857,4.386214773655178,0,4.442651256490317
multithreading,low,2023-03,2023-03,1,0,15.0,4.0,73,0.3972602739726027,0.6027397260273972,0.7808219178082192,1.0136986301369864,0.6259825538246189,0.3150684931506849,5.450465373088143,578.6164383561644,4.281977127933759,0,4.30406509320417
multithreading,low,2023-04,2023-04,1,0,16.0,5.0,69,0.43478260869565216,0.5362318840579711,0.6811594202898551,0.8985507246376812,0.5669199306838706,0.6231884057971014,5.403532733376802,784.3768115942029,4.921551674658861,0,4.248495242049359
multithreading,low,2023-05,2023-05,1,0,17.0,6.0,71,0.4084507042253521,0.6197183098591549,0.7746478873239436,0.9436619718309859,0.5669359880285361,1.0422535211267605,5.469530110919513,782.8591549295775,4.640825026069498,0,4.276666119016055
multithreading,low,2023-06,2023-06,1,0,18.0,7.0,41,0.43902439024390244,0.6097560975609756,0.7073170731707317,0.9512195121951219,0.6003292786967618,1.170731707317073,5.371784201626097,1895.780487804878,4.837019811979321,0,3.7376696182833684
multithreading,low,2023-07,2023-07,1,0,19.0,8.0,64,0.28125,0.40625,0.765625,0.84375,0.5108879536774001,0.4375,5.256735064956109,550.390625,3.883206137740663,0,4.174387269895637
multithreading,low,2023-08,2023-08,1,0,20.0,9.0,41,0.34146341463414637,0.4634146341463415,0.7317073170731707,0.8780487804878049,0.5496111923143269,0.6341463414634146,5.378822159780343,1311.6341463414635,4.928430199339878,0,3.7376696182833684
multithreading,low,2023-09,2023-09,1,0,21.0,10.0,49,0.30612244897959184,0.5306122448979592,0.673469387755102,0.9795918367346939,0.6120158945765592,0.42857142857142855,5.156826932780521,3764.408163265306,4.931043608805149,0,3.912023005428146
multithreading,low,2023-10,2023-10,1,0,22.0,11.0,42,0.2857142857142857,0.4523809523809524,0.6666666666666666,0.7857142857142857,0.4966686297932317,0.47619047619047616,5.072937419257655,946.0238095238095,4.7420591779917185,0,3.7612001156935624
multithreading,low,2023-11,2023-11,1,0,23.0,12.0,66,0.36363636363636365,0.48484848484848486,0.7121212121212122,0.7121212121212122,0.47181071400088676,0.5,5.179038029252805,2420.5454545454545,4.836364613004215,0,4.204692619390966
multithreading,low,2023-12,2023-12,1,0,24.0,13.0,47,0.48936170212765956,0.6595744680851063,0.6808510638297872,0.9361702127659575,0.5974305601992971,0.23404255319148937,5.14537732378207,686.5106382978723,4.7461282013462105,0,3.871201010907891
numpy,high,2022-01,2022-01,0,1,1.0,0.0,188,0.526595744680851,0.675531914893617,0.6648936170212766,1.297872340425532,0.749517363283832,0.7978723404255319,5.859529248395841,1731.154255319149,4.993334773872572,0,5.241747015059643
numpy,high,2022-02,2022-02,0,1,2.0,0.0,216,0.5324074074074074,0.6666666666666666,0.6944444444444444,1.3055555555555556,0.7449951465225665,0.7916666666666666,5.832442508673361,1371.9722222222222,4.759214915811509,0,5.37989735354046
numpy,high,2022-03,2022-03,0,1,3.0,0.0,262,0.5267175572519084,0.6717557251908397,0.7824427480916031,1.282442748091603,0.7329447769722575,0.6030534351145038,5.650768619297619,971.8473282442748,4.402754545957737,0,5.572154032177765
numpy,high,2022-04,2022-04,0,1,4.0,0.0,222,0.527027027027027,0.6846846846846847,0.8063063063063063,1.2927927927927927,0.761087649833966,0.6036036036036037,5.623588226474401,2708.7927927927926,4.384836704299085,0,5.407171771460119
numpy,high,2022-05,2022-05,0,1,5.0,0.0,207,0.5217391304347826,0.6811594202898551,0.7729468599033816,1.3043478260869565,0.7600851692464156,0.41545893719806765,5.558327071648304,889.7053140096618,4.317802100098528,0,5.337538079701318
numpy,high,2022-06,2022-06,0,1,6.0,0.0,100,0.5,0.68,0.77,1.26,0.7534457867647798,0.3,5.799549930824034,710.69,4.346438694957628,0,4.61512051684126
numpy,high,2022-07,2022-07,0,1,7.0,0.0,200,0.54,0.715,0.715,1.26,0.7535934267042873,0.405,5.56717963233716,1524.295,4.50387777670785,0,5.303304908059076
numpy,high,2022-08,2022-08,0,1,8.0,0.0,219,0.5251141552511416,0.6757990867579908,0.7031963470319634,1.2465753424657535,0.7282629144587882,0.6940639269406392,5.528520905364745,1248.4109589041095,4.8059364685771335,0,5.393627546352362
numpy,high,2022-09,2022-09,0,1,9.0,0.0,150,0.46,0.6066666666666667,0.78,1.1333333333333333,0.6781741469710397,0.14,5.244586316376892,1048.38,4.404186061051392,0,5.017279836814924
numpy,high,2022-10,2022-10,0,1,10.0,0.0,186,0.44623655913978494,0.6290322580645161,0.7795698924731183,1.0591397849462365,0.6578598517864391,0.3333333333333333,5.386981087833467,1145.3924731182797,4.369459155600144,0,5.231108616854587
numpy,high,2022-11,2022-11,0,1,11.0,0.0,100,0.44,0.58,0.84,1.09,0.6598031622222955,0.42,5.237052416265011,614.01,4.1309388449382105,0,4.61512051684126
numpy,high,2022-12,2022-12,1,1,12.0,1.0,213,0.460093896713615,0.6291079812206573,0.8356807511737089,1.136150234741784,0.6856123267622227,0.39906103286384975,5.317394436542411,824.4225352112676,3.9296705297798313,1,5.365976015021851
numpy,high,2023-01,2023-01,1,1,13.0,2.0,175,0.5828571428571429,0.7028571428571428,0.8342857142857143,1.1942857142857144,0.7240953606046266,0.3657142857142857,5.1360899539214095,445.3257142857143,4.0495990836871,1,5.170483995038151
numpy,high,2023-02,2023-02,1,1,14.0,3.0,163,0.49079754601226994,0.656441717791411,0.803680981595092,1.3251533742331287,0.7543772928105101,0.4785276073619632,5.17000959787184,528.920245398773,4.001301687077579,1,5.099866427824199
numpy,high,2023-03,2023-03,1,1,15.0,4.0,163,0.5398773006134969,0.6687116564417178,0.754601226993865,1.0920245398773005,0.6719057672920905,0.5214723926380368,5.140759638901526,1276.9079754601228,4.344755706549984,1,5.099866427824199
numpy,high,2023-04,2023-04,1,1,16.0,5.0,117,0.49572649572649574,0.6324786324786325,0.8290598290598291,1.1452991452991452,0.673844808266489,0.5384615384615384,4.908929722993363,1656.991452991453,4.420805877212624,1,4.770684624465665
numpy,high,2023-05,2023-05,1,1,17.0,6.0,117,0.5128205128205128,0.6410256410256411,0.7350427350427351,1.0854700854700854,0.6513568667283173,0.6581196581196581,5.174737748941675,1290.6068376068376,4.720038008792502,1,4.770684624465665
numpy,high,2023-06,2023-06,1,1,18.0,7.0,118,0.5169491525423728,0.7203389830508474,0.7372881355932204,1.228813559322034,0.724638549380883,0.6016949152542372,5.145098203014906,1069.949152542373,4.547813596492294,1,4.77912349311153
numpy,high,2023-07,2023-07,1,1,19.0,8.0,100,0.46,0.59,0.82,1.23,0.7163198269574673,0.34,5.108046161525575,434.13,4.165541254364174,1,4.61512051684126
numpy,high,2023-08,2023-08,1,1,20.0,9.0,82,0.47560975609756095,0.6463414634146342,0.8048780487804879,1.1829268292682926,0.7087958497333803,0.5609756097560976,5.050692822453706,1337.121951219512,4.061267845380694,1,4.418840607796598
numpy,high,2023-09,2023-09,1,1,21.0,10.0,72,0.4166666666666667,0.6388888888888888,0.7361111111111112,1.2083333333333333,0.6791027714826091,0.75,4.95614661641103,704.9027777777778,4.853815618800777,1,4.290459441148391
numpy,high,2023-10,2023-10,1,1,22.0,11.0,67,0.582089552238806,0.7164179104477612,0.6865671641791045,1.2388059701492538,0.7197381354254542,0.5223880597014925,5.153436493691624,1477.5820895522388,4.717573809802223,1,4.219507705176107
numpy,high,2023-11,2023-11,1,1,23.0,12.0,77,0.5064935064935064,0.7272727272727273,0.8051948051948052,1.2857142857142858,0.7494090982261072,0.36363636363636365,5.143644842337211,1208.5194805194806,4.210057901488554,1,4.356708826689592
numpy,high,2023-12,2023-12,1,1,24.0,13.0,69,0.391304347826087,0.4927536231884058,0.8260869565217391,0.8985507246376812,0.5358314005940561,0.7536231884057971,4.916058235781218,1718.2173913043478,3.738004325066547,1,4.248495242049359
powershell,high,2022-01,2022-01,0,1,1.0,0.0,191,0.5026178010471204,0.7015706806282722,0.743455497382199,1.2303664921465969,0.7281501719037282,0.7905759162303665,6.656033399019058,1095.109947643979,4.550789774905844,0,5.2574953720277815
powershell,high,2022-02,2022-02,0,1,2.0,0.0,206,0.441747572815534,0.616504854368932,0.7961165048543689,1.0631067961165048,0.6520819639416043,0.7330097087378641,6.2729363645844405,1556.4077669902913,4.295867534205847,0,5.332718793265369
powershell,high,2022-03,2022-03,0,1,3.0,0.0,240,0.5041666666666667,0.6041666666666666,0.7208333333333333,1.0291666666666666,0.6381735061781059,0.7833333333333333,6.228326337102371,1562.4291666666666,4.375856433395726,0,5.484796933490655
powershell,high,2022-04,2022-04,0,1,4.0,0.0,227,0.45374449339207046,0.6387665198237885,0.788546255506608,1.0704845814977975,0.6601324064307178,0.6519823788546255,6.320091500462598,704.3568281938326,4.197979920113409,0,5.429345628954441
powershell,high,2022-05,2022-05,0,1,5.0,0.0,198,0.3838383838383838,0.5505050505050505,0.7424242424242424,1.0353535353535352,0.6263869437334879,0.7878787878787878,6.346662157401221,2174.1363636363635,4.336279682958055,0,5.293304824724492
powershell,high,2022-06,2022-06,0,1,6.0,0.0,180,0.42777777777777776,0.5777777777777777,0.7944444444444444,1.0055555555555555,0.624864168598025,0.6666666666666666,6.174269739677181,1583.7277777777779,4.315475864690854,0,5.198497031265826
powershell,high,2022-07,2022-07,0,1,7.0,0.0,186,0.34408602150537637,0.5268817204301075,0.8333333333333334,0.9623655913978495,0.6100412559530912,0.6075268817204301,6.171156687793123,586.0537634408602,3.6571145908857337,0,5.231108616854587
powershell,high,2022-08,2022-08,0,1,8.0,0.0,189,0.3915343915343915,0.5396825396825397,0.8201058201058201,1.0740740740740742,0.6485982856274704,0.48148148148148145,6.158825880877918,1091.100529100529,4.0470912684458735,0,5.247024072160486
powershell,high,2022-09,2022-09,0,1,9.0,0.0,192,0.4635416666666667,0.6041666666666666,0.75,1.1458333333333333,0.6894773363851333,0.4010416666666667,6.04755536120473,1522.8697916666667,4.407144678141106,0,5.262690188904886
powershell,high,2022-10,2022-10,0,1,10.0,0.0,197,0.467005076142132,0.6040609137055838,0.766497461928934,1.0304568527918783,0.6440312925005406,0.5177664974619289,6.068027668036308,1209.6243654822335,4.128846445935207,0,5.288267030694535
powershell,high,2022-11,2022-11,0,1,11.0,0.0,243,0.4609053497942387,0.6008230452674898,0.7160493827160493,1.0246913580246915,0.6381018990437501,0.5473251028806584,5.944921538940661,2099.7901234567903,4.505824338547135,0,5.497168225293202
powershell,high,2022-12,2022-12,1,1,12.0,1.0,223,0.4977578475336323,0.6278026905829597,0.7623318385650224,1.053811659192825,0.6578483107909942,0.48878923766816146,5.844680526319083,902.6905829596412,4.104014566452136,1,5.4116460518550396
powershell,high,2023-01,2023-01,1,1,13.0,2.0,163,0.4662576687116564,0.6196319018404908,0.7791411042944786,0.9877300613496932,0.6163736486307436,0.6196319018404908,5.809071100222788,3097.153374233129,4.209815498468222,1,5.099866427824199
powershell,high,2023-02,2023-02,1,1,14.0,3.0,211,0.3886255924170616,0.5450236966824644,0.7393364928909952,1.009478672985782,0.6152447980172592,0.5308056872037915,5.642642648682664,1284.0426540284361,4.421823463134874,1,5.356586274672012
powershell,high,2023-03,2023-03,1,1,15.0,4.0,155,0.3870967741935484,0.5548387096774193,0.7612903225806451,1.0774193548387097,0.6608423434376429,0.49032258064516127,5.935497510130715,1946.8903225806453,4.313565017724809,1,5.049856007249537
powershell,high,2023-04,2023-04,1,1,16.0,5.0,140,0.38571428571428573,0.5071428571428571,0.8428571428571429,0.9714285714285714,0.6017059821534335,0.4714285714285714,5.777453911133517,1175.3142857142857,3.93195133793691,1,4.948759890378168
powershell,high,2023-05,2023-05,1,1,17.0,6.0,133,0.3458646616541353,0.48872180451127817,0.8421052631578947,0.9172932330827067,0.589510146399771,0.5864661654135338,5.814953151213809,1100.1353383458647,4.010904261117232,1,4.897839799950911
powershell,high,2023-06,2023-06,1,1,18.0,7.0,117,0.42735042735042733,0.6068376068376068,0.7863247863247863,1.0769230769230769,0.6652092762928716,0.5641025641025641,5.590521231455096,1775.8034188034187,4.189600603144726,1,4.770684624465665
powershell,high,2023-07,2023-07,1,1,19.0,8.0,105,0.4380952380952381,0.5619047619047619,0.8095238095238095,0.9142857142857143,0.576576183746741,0.6285714285714286,5.721070698739141,909.4761904761905,3.9812542259306194,1,4.663439094112067
powershell,high,2023-08,2023-08,1,1,20.0,9.0,132,0.4393939393939394,0.5833333333333334,0.7575757575757576,0.9090909090909091,0.5834739023488611,0.5303030303030303,5.554839043645678,1750.75,4.361789872456835,1,4.890349128221754
powershell,high,2023-09,2023-09,1,1,21.0,10.0,102,0.4215686274509804,0.5392156862745098,0.6666666666666666,0.9705882352941176,0.5884154868923829,0.5980392156862745,5.752311603597754,6578.303921568628,4.575923552456848,1,4.634728988229636
powershell,high,2023-10,2023-10,1,1,22.0,11.0,103,0.44660194174757284,0.6601941747572816,0.7281553398058253,1.116504854368932,0.6860431791199394,0.9029126213592233,5.811041263614966,1627.9029126213593,4.6190102457143905,1,4.6443908991413725
powershell,high,2023-11,2023-11,1,1,23.0,12.0,96,0.5208333333333334,0.6354166666666666,0.6875,0.9583333333333334,0.6180888175946028,0.6979166666666666,5.815358860689528,1678.0,4.779030372091056,1,4.574710978503383
powershell,high,2023-12,2023-12,1,1,24.0,13.0,106,0.41509433962264153,0.5660377358490566,0.7358490566037735,1.0,0.6224558134172599,0.46226415094339623,5.722936049979224,3032.698113207547,4.461435940632783,1,4.672828834461906
