specification,dropped_tag_a,dropped_tag_b,coef,se,pval
expert_answer_share,android,apache-spark,-0.009000357099889457,0.018723182193761418,0.6307250455343341
expert_answer_share,android,bash,-0.010973745594349582,0.01876116562584238,0.558602778835741
expert_answer_share,android,docker,0.009558247048109309,0.030129386600997295,0.7510614894576958
expert_answer_share,android,excel,-0.011124930339163234,0.018670640792073832,0.5512743994288577
expert_answer_share,android,firebase,-0.007855416182115485,0.020612085497182447,0.7031236333301774
expert_answer_share,android,javascript,-0.007769183726692331,0.018824352304677733,0.6798118850030859
expert_answer_share,android,kubernetes,-0.025483253694947458,0.009667261164592485,0.008388069774661834
expert_answer_share,android,linux,-0.0072347791980981345,0.0195300774148459,0.7110524880810964
expert_answer_share,android,memory-management,-0.009561182990760246,0.018806853078303685,0.6111810963721882
expert_answer_share,android,multithreading,-0.005258812763691563,0.01991892219837686,0.7917715124360079
expert_answer_share,android,numpy,-0.010523116828009651,0.01861371493378038,0.5718410934371733
expert_answer_share,android,pandas,-0.012388610581607964,0.018538809826986132,0.5039722710698393
expert_answer_share,android,python,-0.007839298682428332,0.01794872394163369,0.6622848444391318
expert_answer_share,android,regex,-0.013547362366931867,0.019243748543866703,0.48144043063192543
expert_answer_share,android,sql,-0.012660149907809634,0.019207275386873852,0.5098103375669116
expert_answer_share,apache-spark,bash,-0.0062182892969718,0.0164503947253663,0.7054287835478307
expert_answer_share,apache-spark,docker,0.01167349403807935,0.018937247998980954,0.5376105405877447
expert_answer_share,apache-spark,excel,-0.006127765051564579,0.016519132525403334,0.7106750958688068
expert_answer_share,apache-spark,firebase,-0.002841409987450224,0.017830743725060223,0.8733895519540886
expert_answer_share,apache-spark,javascript,-0.0018247456983029083,0.017683101879571554,0.9178109908212267
expert_answer_share,apache-spark,kubernetes,-0.015737690412233732,0.01223653163813285,0.19839997772092988
expert_answer_share,apache-spark,linux,-0.002752867490561568,0.017102506510487014,0.8721226926653051
expert_answer_share,apache-spark,memory-management,-0.004464967053810675,0.016699160789752702,0.7891791119880578
expert_answer_share,apache-spark,multithreading,-0.0009629202717664023,0.01737322061240199,0.9557994428113229
expert_answer_share,apache-spark,numpy,-0.005291702811130967,0.016556694541736083,0.7492631837317976
expert_answer_share,apache-spark,pandas,-0.006938392380540149,0.01645978772020487,0.673363759934827
expert_answer_share,apache-spark,python,-0.0008033624994522112,0.01686770513093831,0.9620133100440568
expert_answer_share,apache-spark,regex,-0.00764230415173396,0.017130225960613726,0.6555034934550236
expert_answer_share,apache-spark,sql,-0.007176263556768755,0.017211670806439174,0.6767210398532155
expert_answer_share,bash,docker,0.008610963509361746,0.01921429757381047,0.6540420886302042
expert_answer_share,bash,excel,-0.008715034541074723,0.016265432034651906,0.5920960998618802
expert_answer_share,bash,firebase,-0.005229253443224735,0.017572400826162387,0.7660212040069185
expert_answer_share,bash,javascript,-0.005430029624713718,0.0171014011964782,0.75084938931326
expert_answer_share,bash,kubernetes,-0.0182120052416619,0.011945699933180743,0.12736744008068643
expert_answer_share,bash,linux,-0.005153359532601062,0.016856601235658596,0.7598196780314356
expert_answer_share,bash,memory-management,-0.006905626318041009,0.016434789707952688,0.6743514582736551
expert_answer_share,bash,multithreading,-0.0033970666260498784,0.017088224556546107,0.8424225110759305
expert_answer_share,bash,numpy,-0.007750728238641323,0.01629692307435608,0.6343632395003502
expert_answer_share,bash,pandas,-0.009500825054945223,0.0161887841372309,0.5572863184068659
expert_answer_share,bash,python,-0.004091190839151712,0.01621266222628464,0.8007740941596901
expert_answer_share,bash,regex,-0.010475562326980629,0.016722747941684584,0.5310356298824817
expert_answer_share,bash,sql,-0.010305962923031082,0.016672864444112177,0.5364910230029307
expert_answer_share,docker,excel,0.008462450052071894,0.019335879307289357,0.6616361776293782
expert_answer_share,docker,firebase,0.015999304010742454,0.019322010534900524,0.40765059029201967
expert_answer_share,docker,javascript,0.013576515649336391,0.019381595017407997,0.483624499714989
expert_answer_share,docker,kubernetes,-0.007082647440051821,0.018287595511877967,0.6985397236181456
expert_answer_share,docker,linux,0.014755763821801719,0.01832778170372572,0.42075987361615397
expert_answer_share,docker,memory-management,0.010873848915268772,0.01906017756103038,0.5683379954099741
expert_answer_share,docker,multithreading,0.018334806824153147,0.01689477820665361,0.2778175286830449
expert_answer_share,docker,numpy,0.009413777568242666,0.01922983639400172,0.6244593155437255
expert_answer_share,docker,pandas,0.007097244837118437,0.01979493062453619,0.7199403575365457
expert_answer_share,docker,python,0.01297618334895233,0.019385920132495817,0.5032650766108191
expert_answer_share,docker,regex,0.006953211907694323,0.021594652440841057,0.747462032487007
expert_answer_share,docker,sql,0.007565213608950036,0.020993560819069133,0.7185788602698563
expert_answer_share,excel,firebase,-0.005227655409024924,0.017585021293033107,0.7662536056271927
expert_answer_share,excel,javascript,-0.00503701271708553,0.01739091585185673,0.7720957165940985
expert_answer_share,excel,kubernetes,-0.0182428200283369,0.012031919922852569,0.12946830399191733
expert_answer_share,excel,linux,-0.005149194384816691,0.016869690107151624,0.7601883274261224
expert_answer_share,excel,memory-management,-0.006864829276329446,0.016479361770139228,0.6769920000374698
expert_answer_share,excel,multithreading,-0.0033731592614176134,0.017101948600560444,0.8436410605278017
expert_answer_share,excel,numpy,-0.007712458060015375,0.0163466499379786,0.6370648076068377
expert_answer_share,excel,pandas,-0.009474471806351564,0.016245132509389575,0.5597458047775442
expert_answer_share,excel,python,-0.0035133985598583867,0.016481863443759567,0.8311962726981497
expert_answer_share,excel,regex,-0.010437691856167549,0.01681379420377179,0.5347434178445636
expert_answer_share,excel,sql,-0.01023650737138745,0.016795864118576555,0.5422156320172091
expert_answer_share,firebase,javascript,-0.0015337433972372025,0.018492517183133206,0.9339003651967912
expert_answer_share,firebase,kubernetes,-0.015383416339258134,0.012977661762748543,0.2358685866307273
expert_answer_share,firebase,linux,-0.0015895615054084575,0.01836768295707461,0.931036198202332
expert_answer_share,firebase,memory-management,-0.0035236311733920556,0.017799692360061427,0.8430761806555774
expert_answer_share,firebase,multithreading,0.0003031599136870397,0.018729081920878143,0.9870855360975899
expert_answer_share,firebase,numpy,-0.0044008894238873305,0.017616647538400622,0.8027310065682811
expert_answer_share,firebase,pandas,-0.0061045717183269566,0.017490549343821677,0.7270734283107618
expert_answer_share,firebase,python,-0.0006433863691522576,0.01763429168780271,0.9708956735160469
expert_answer_share,firebase,regex,-0.006862764099158051,0.018188836958581613,0.7059459367380692
expert_answer_share,firebase,sql,-0.006464732771292117,0.018189409692969817,0.7222810305226295
expert_answer_share,javascript,kubernetes,-0.014340894982418466,0.01321735408150672,0.2779194502333203
expert_answer_share,javascript,linux,-0.0015603869127350511,0.01781054977749249,0.9301864465249782
expert_answer_share,javascript,memory-management,-0.003003311360100561,0.01748759208996109,0.863642283955498
expert_answer_share,javascript,multithreading,0.0004154959240670033,0.018124915028682676,0.9817108798232133
expert_answer_share,javascript,numpy,-0.0038708793289762753,0.017362478510535358,0.8235782429103972
expert_answer_share,javascript,pandas,-0.0056880318061494186,0.017326367311752983,0.742694207347758
expert_answer_share,javascript,python,0.007283796048308048,0.016804022169734326,0.6646838786570055
expert_answer_share,javascript,regex,-0.0062181824255945935,0.018345156762584917,0.734643637864939
expert_answer_share,javascript,sql,-0.0056489394617723525,0.018967826940200657,0.765842913478965
expert_answer_share,kubernetes,linux,-0.014561880519816047,0.012355304316858837,0.23856010818734086
expert_answer_share,kubernetes,memory-management,-0.016469780183371835,0.012171883643949553,0.1760235695483855
expert_answer_share,kubernetes,multithreading,-0.012785474541717865,0.01236822889553991,0.301259935817205
expert_answer_share,kubernetes,numpy,-0.01738919740623173,0.012072076598992605,0.149740719611031
expert_answer_share,kubernetes,pandas,-0.01940921113700821,0.011858794920936524,0.10169455298473357
expert_answer_share,kubernetes,python,-0.013243723583567622,0.012633664765410849,0.29450577577911063
expert_answer_share,kubernetes,regex,-0.020973932409744833,0.011991487298778919,0.08027918364807739
expert_answer_share,kubernetes,sql,-0.020177570784468263,0.012272281269713421,0.10014354714366007
expert_answer_share,linux,memory-management,-0.003435047615254351,0.017071834206526304,0.840533279982699
expert_answer_share,linux,multithreading,0.0002155154508632559,0.01793636876967562,0.9904132037262349
expert_answer_share,linux,numpy,-0.004282450186910815,0.01689639541461949,0.7999178066825914
expert_answer_share,linux,pandas,-0.005946919212697074,0.01676182727850929,0.7227473445814621
expert_answer_share,linux,python,-0.000567807951703488,0.01691648906808299,0.9732237498314981
expert_answer_share,linux,regex,-0.00668628686644635,0.01739536596490813,0.700702952268083
expert_answer_share,linux,sql,-0.006396939452712427,0.01741895113328823,0.7134398405380525
expert_answer_share,memory-management,multithreading,-0.0016607359017446906,0.017332670532666235,0.923667225538005
expert_answer_share,memory-management,numpy,-0.006007691511829687,0.016512127930594526,0.7159811596335364
expert_answer_share,memory-management,pandas,-0.00767498721727726,0.01641268631458417,0.6400525753719365
expert_answer_share,memory-management,python,-0.0019639544255375648,0.01665772774762875,0.9061464972965178
expert_answer_share,memory-management,regex,-0.00845845234676733,0.017039516961883824,0.6196107295100045
expert_answer_share,memory-management,sql,-0.008078360311944153,0.01707784031019803,0.6361905433202819
expert_answer_share,multithreading,numpy,-0.002522518089008052,0.01713429002543359,0.8829580104424287
expert_answer_share,multithreading,pandas,-0.004178483318021378,0.01697710505480984,0.805585774849177
expert_answer_share,multithreading,python,0.001323541085813084,0.017199970356741166,0.9386631654597047
expert_answer_share,multithreading,regex,-0.004820242176193675,0.01766155351080266,0.7849124927450732
expert_answer_share,multithreading,sql,-0.004504915990808536,0.017706455656268525,0.7991693763127332
expert_answer_share,numpy,pandas,-0.008525586690293267,0.016289334374421188,0.6007066415803717
expert_answer_share,numpy,python,-0.0027709803400737154,0.01653500537661217,0.8669116061608304
expert_answer_share,numpy,regex,-0.00935808934432281,0.01690312979449849,0.579831701800172
expert_answer_share,numpy,sql,-0.008986159606124054,0.01693534659177872,0.595685162138713
expert_answer_share,pandas,python,-0.004393206220964035,0.016460850686076275,0.7895552698115633
expert_answer_share,pandas,regex,-0.01127302921478943,0.01678533963926679,0.5018385636823759
expert_answer_share,pandas,sql,-0.010970230010822948,0.01678112645852891,0.5132894499810692
expert_answer_share,python,regex,-0.00465977801006157,0.017404517820346917,0.7889042166359264
expert_answer_share,python,sql,-0.0036396399855801956,0.01789266746717077,0.8388105441190183
expert_answer_share,regex,sql,-0.012063004873857735,0.017433294935959926,0.4889674164570619
novice_entry_share,android,apache-spark,0.008524950663356807,0.004346769629019478,0.04985392458139419
novice_entry_share,android,bash,0.008454570651420211,0.0043102691494789755,0.0498213275412009
novice_entry_share,android,docker,0.011154132883615707,0.007742411545398346,0.14968257625044862
novice_entry_share,android,excel,0.008001948075596524,0.004404966591834074,0.06928235732446425
novice_entry_share,android,firebase,0.007779305252451459,0.004118942715594435,0.058936656131763854
novice_entry_share,android,javascript,0.00391025286568763,0.002250103062356657,0.08224419911827319
novice_entry_share,android,kubernetes,0.007820281767864534,0.004424892129934911,0.07717157288292596
novice_entry_share,android,linux,0.007355998222448484,0.003944279209355846,0.062184336206636256
novice_entry_share,android,memory-management,0.008324626649435975,0.004271142986854102,0.05129070052276142
novice_entry_share,android,multithreading,0.00773721294856865,0.004145496530091661,0.061983459567760586
novice_entry_share,android,numpy,0.008407943555852693,0.0043146319355349535,0.051330699513540204
novice_entry_share,android,pandas,0.008911808068946245,0.004428170921217805,0.044164543543447926
novice_entry_share,android,python,0.009854032482028879,0.00460211209792506,0.032258087190788605
novice_entry_share,android,regex,0.010179429877918516,0.00449406764274233,0.02350767320180925
novice_entry_share,android,sql,0.009535039733494179,0.004630308481808484,0.039468703546903065
novice_entry_share,apache-spark,bash,0.006161361373045448,0.005133344629939885,0.23003738506054905
novice_entry_share,apache-spark,docker,0.0039033331680613237,0.009084884415828286,0.6674492525290497
novice_entry_share,apache-spark,excel,0.005649322879658773,0.005269527660735281,0.28368685702801755
novice_entry_share,apache-spark,firebase,0.005287384465163613,0.005235576724419798,0.31254544203002277
novice_entry_share,apache-spark,javascript,0.001264902349910486,0.003903718406322602,0.745919108474135
novice_entry_share,apache-spark,kubernetes,0.00507408536520417,0.005569948232439468,0.3623083783912945
novice_entry_share,apache-spark,linux,0.00519179408547103,0.005140640004557454,0.31251880650085107
novice_entry_share,apache-spark,memory-management,0.005958145010116758,0.005131989458575553,0.24564940783440536
novice_entry_share,apache-spark,multithreading,0.005391219890734966,0.0051986926872430545,0.2997201178633714
novice_entry_share,apache-spark,numpy,0.006060964740967508,0.0051436839128115594,0.23866447758780573
novice_entry_share,apache-spark,pandas,0.006555925040474127,0.005160213897870214,0.20391532464882955
novice_entry_share,apache-spark,python,0.008232613372931298,0.005117113740051727,0.10765149846869201
novice_entry_share,apache-spark,regex,0.0077263638687948685,0.004995862592896233,0.12197118702650579
novice_entry_share,apache-spark,sql,0.007313855884665116,0.0052133975049133575,0.16064777498693383
novice_entry_share,bash,docker,0.00379383188304828,0.00900176678636399,0.6734234919751616
novice_entry_share,bash,excel,0.005612937799589022,0.0052465171281150455,0.28469099809389675
novice_entry_share,bash,firebase,0.005240343134576293,0.005218212410904881,0.3152624379655854
novice_entry_share,bash,javascript,0.0012698620609455247,0.0038928291919436905,0.7442689254965886
novice_entry_share,bash,kubernetes,0.005027273693219027,0.005550073923935978,0.3650401249718873
novice_entry_share,bash,linux,0.005148696712970425,0.0051275065369658845,0.31531468109555305
novice_entry_share,bash,memory-management,0.005917369321886618,0.0051112975599947935,0.24698487569482608
novice_entry_share,bash,multithreading,0.005347776316580703,0.005181177025463756,0.30199964355967057
novice_entry_share,bash,numpy,0.006020177721099273,0.005122569334869302,0.23990422877083817
novice_entry_share,bash,pandas,0.006513755492184156,0.00513771572970902,0.2048582937520843
novice_entry_share,bash,python,0.008202086703535774,0.005086916285465185,0.106877366586016
novice_entry_share,bash,regex,0.0076812413815842626,0.004967996281402899,0.12206961269785488
novice_entry_share,bash,sql,0.007271997018759969,0.005187978692490737,0.16100443112128504
novice_entry_share,docker,excel,0.003122453277178735,0.00917146388390433,0.7335153390065378
novice_entry_share,docker,firebase,0.001495931962415316,0.00952025833804112,0.8751412547954308
novice_entry_share,docker,javascript,-0.0030522844511675757,0.007832072843257432,0.6967465307388644
novice_entry_share,docker,kubernetes,0.0003345525211393717,0.01070229457477242,0.9750622801429341
novice_entry_share,docker,linux,0.0012647705568950124,0.00857609293012108,0.8827560755485319
novice_entry_share,docker,memory-management,0.003505011857392465,0.009045190620889331,0.6983860446815485
novice_entry_share,docker,multithreading,0.0020271289603833328,0.009122036362874831,0.8241400621399764
novice_entry_share,docker,numpy,0.0037057571680696256,0.00905994152773173,0.6825201332864786
novice_entry_share,docker,pandas,0.004553731801096063,0.009255101653857279,0.622702402907949
novice_entry_share,docker,python,0.005716869693704146,0.008914786539232286,0.5213411174876923
novice_entry_share,docker,regex,0.006775549969122649,0.009442052592702433,0.4730083323038755
novice_entry_share,docker,sql,0.005677337868406871,0.009455339609654586,0.5482148860538651
novice_entry_share,excel,firebase,0.004750618503500851,0.00535566509456208,0.3750644685600433
novice_entry_share,excel,javascript,0.00031306361772757166,0.003888486274231127,0.9358313184577917
novice_entry_share,excel,kubernetes,0.004520298778423766,0.005701257521705678,0.42785942105274155
novice_entry_share,excel,linux,0.004662845738619369,0.005256955485115318,0.3750864563247731
novice_entry_share,excel,memory-management,0.005414447590529251,0.005246853798243783,0.30209939722444634
novice_entry_share,excel,multithreading,0.004849033354530146,0.005318712044208796,0.3619302692521481
novice_entry_share,excel,numpy,0.005514371639852678,0.005258736969469304,0.29435699776628166
novice_entry_share,excel,pandas,0.005996188741768327,0.005274244101975024,0.2555879698799285
novice_entry_share,excel,python,0.007534616316519543,0.005387132601605934,0.16192335009083336
novice_entry_share,excel,regex,0.0071426436689263975,0.00511834685579967,0.16286566635550448
novice_entry_share,excel,sql,0.006706982458824125,0.005351341154436183,0.21008658320535334
novice_entry_share,firebase,javascript,0.0005687182825937862,0.004305259864803667,0.8949063984467462
novice_entry_share,firebase,kubernetes,0.003977646410341504,0.005817300083535305,0.49412571859939025
novice_entry_share,firebase,linux,0.0041731630791888375,0.005330856743504465,0.43372601220484686
novice_entry_share,firebase,memory-management,0.005048120159449507,0.005227393634045603,0.33419181779175533
novice_entry_share,firebase,multithreading,0.004415705539332628,0.005355458211185412,0.4096417030226768
novice_entry_share,firebase,numpy,0.005151103346224163,0.0052305887498747036,0.32472048480054094
novice_entry_share,firebase,pandas,0.005639096061155608,0.005224279769782832,0.2804087278608979
novice_entry_share,firebase,python,0.007152464365614709,0.005184866729611147,0.16774416942618708
novice_entry_share,firebase,regex,0.006808393792214513,0.005003864301770734,0.17363153652979024
novice_entry_share,firebase,sql,0.006358225652213702,0.005247832517262593,0.22566905402422577
novice_entry_share,javascript,kubernetes,5.614379121636808e-05,0.004702389335332579,0.9904739491474414
novice_entry_share,javascript,linux,0.0006058940727903996,0.004242279821257508,0.8864301689157863
novice_entry_share,javascript,memory-management,0.0010886997864342398,0.003931481371822261,0.7818427138608618
novice_entry_share,javascript,multithreading,0.0005814523691303528,0.004158331411933905,0.888795660963275
novice_entry_share,javascript,numpy,0.0011467337802775486,0.003913018067298396,0.7694792780187453
novice_entry_share,javascript,pandas,0.0015737070839969137,0.0038659287577892517,0.6839559183357435
novice_entry_share,javascript,python,0.001038241545045256,0.0040702647216018665,0.798661610856957
novice_entry_share,javascript,regex,0.002563053170487963,0.0034996668134890155,0.4639423832870734
novice_entry_share,javascript,sql,0.0019212646548776486,0.003828256906453701,0.6157631293251222
novice_entry_share,kubernetes,linux,0.003868740547717346,0.005689099144612986,0.4964874180569694
novice_entry_share,kubernetes,memory-management,0.004823863623258639,0.005563986169355332,0.3859530769825893
novice_entry_share,kubernetes,multithreading,0.00414220138620825,0.0057185129239150975,0.4688512581863332
novice_entry_share,kubernetes,numpy,0.0049355000602574264,0.005565536223026355,0.37518827716524317
novice_entry_share,kubernetes,pandas,0.005447833655503819,0.005559845377148572,0.327158465377711
novice_entry_share,kubernetes,python,0.00694659941893923,0.005533470149820908,0.20934139288313613
novice_entry_share,kubernetes,regex,0.006686803520692211,0.0053401522400382305,0.21050621338160325
novice_entry_share,kubernetes,sql,0.0061932453518085875,0.005588911497759795,0.2678053014184383
novice_entry_share,linux,memory-management,0.004946365840353578,0.005130023485270474,0.3349459383840546
novice_entry_share,linux,multithreading,0.004334081038529136,0.0052684694775733355,0.4107097963814521
novice_entry_share,linux,numpy,0.0050520653981909434,0.005133295786266386,0.3250290908704919
novice_entry_share,linux,pandas,0.005536037776856753,0.005122823046957582,0.27984770277088855
novice_entry_share,linux,python,0.007283970363789663,0.005065356362563715,0.15043473111703903
novice_entry_share,linux,regex,0.006675405887540242,0.004882326373171399,0.1715440601501932
novice_entry_share,linux,sql,0.006284713501168128,0.005148184389236424,0.22217573121463563
novice_entry_share,memory-management,multithreading,0.005153853171076657,0.005185417791279049,0.32026531701815564
novice_entry_share,memory-management,numpy,0.005822305226238249,0.005122399726639928,0.25569037869715716
novice_entry_share,memory-management,pandas,0.006305169820220195,0.005135443307868719,0.2195313761908948
novice_entry_share,memory-management,python,0.007862804356922617,0.005123044954411517,0.1248351229933287
novice_entry_share,memory-management,regex,0.007450926795927182,0.004969985295209255,0.1338256770642166
novice_entry_share,memory-management,sql,0.007027827020239923,0.005187033786856663,0.17545464495006602
novice_entry_share,multithreading,numpy,0.005255054999924432,0.005191378475072166,0.3114109718197633
novice_entry_share,multithreading,pandas,0.005737479219504004,0.0051910398227540625,0.26904439600762986
novice_entry_share,multithreading,python,0.007334709834690832,0.005157264707530069,0.1549654994792725
novice_entry_share,multithreading,regex,0.006882275970028907,0.004988490001223608,0.16770025541267597
novice_entry_share,multithreading,sql,0.006458382194910061,0.005230166665339661,0.21689267714176097
novice_entry_share,numpy,pandas,0.006410436171216253,0.005148677526379721,0.21310800196846824
novice_entry_share,numpy,python,0.008005844217659564,0.005133022251635524,0.11883680712410838
novice_entry_share,numpy,regex,0.007566072980101163,0.004985896080906955,0.12914172422019382
novice_entry_share,numpy,sql,0.007146170680531691,0.005202579707539862,0.16957143799323804
novice_entry_share,pandas,python,0.008664773165085966,0.005081432753884511,0.0881602842376588
novice_entry_share,pandas,regex,0.00812350430282587,0.005007597867763289,0.10475287887553748
novice_entry_share,pandas,sql,0.0077065632737660025,0.005221074881199595,0.13993069139148206
novice_entry_share,python,regex,0.010139921842655102,0.0045993768755333685,0.027480105442362148
novice_entry_share,python,sql,0.010059564982499512,0.004603285325873029,0.028866768903094947
novice_entry_share,regex,sql,0.009029009356111254,0.005003961429739796,0.07117296365771422
first_answer_1d,android,apache-spark,0.0024829858776706333,0.009003809946303036,0.7827242827037377
first_answer_1d,android,bash,0.0018400153973966318,0.008913235350593227,0.8364501119481578
first_answer_1d,android,docker,0.015708375879963734,0.010472704554498398,0.1336312462361847
first_answer_1d,android,excel,-0.0011250569569729533,0.008238089082166883,0.8913725013587712
first_answer_1d,android,firebase,0.0008118063315937029,0.008472378923300473,0.9236651279613545
first_answer_1d,android,javascript,0.005290961387930175,0.00983251164031177,0.5905019130194005
first_answer_1d,android,kubernetes,0.0012644519995928323,0.00955111990147598,0.894677543368469
first_answer_1d,android,linux,0.0018530155883843041,0.008750160978440233,0.8322870093809138
first_answer_1d,android,memory-management,0.0022353352955667774,0.008912003593456185,0.8019509742250782
first_answer_1d,android,multithreading,0.0036336131596973915,0.009642836592103281,0.7063074171130534
first_answer_1d,android,numpy,0.00207839645984863,0.00887018413231683,0.8147422563606885
first_answer_1d,android,pandas,0.0009529482999654606,0.008704479885397392,0.9128234385701405
first_answer_1d,android,python,0.00449628750872451,0.00900711867549741,0.6176436666926356
first_answer_1d,android,regex,0.0007940589295537596,0.009110185241953487,0.9305430089011879
first_answer_1d,android,sql,-0.0017410454998041762,0.007931149226224926,0.8262450391915779
first_answer_1d,apache-spark,bash,0.0031337858294346287,0.00908009819971686,0.729998997194359
first_answer_1d,apache-spark,docker,0.013256102732845498,0.009605654265516017,0.16757703385524314
first_answer_1d,apache-spark,excel,-0.0004123065448188298,0.007717490109355367,0.9573933241408888
first_answer_1d,apache-spark,firebase,0.002651288119125903,0.008981343820212978,0.7678414912356117
first_answer_1d,apache-spark,javascript,0.007528837771969876,0.011179304494281327,0.500653358823017
first_answer_1d,apache-spark,kubernetes,0.003101010954158744,0.009767052065437414,0.7508664203519427
first_answer_1d,apache-spark,linux,0.0033608051384634774,0.009021187318980998,0.7094865439507734
first_answer_1d,apache-spark,memory-management,0.0036214527203365368,0.009113652730023786,0.6910978275556268
first_answer_1d,apache-spark,multithreading,0.004758880809462388,0.009508448052366445,0.6167302701537721
first_answer_1d,apache-spark,numpy,0.0034953393922622805,0.009112206236992406,0.7012833127074114
first_answer_1d,apache-spark,pandas,0.0024588883159015955,0.00905541545038541,0.7859773694746063
first_answer_1d,apache-spark,python,0.0073512678653397,0.010909755592211825,0.5004224736689769
first_answer_1d,apache-spark,regex,0.0023803545988017737,0.009501189156001953,0.8021757432595767
first_answer_1d,apache-spark,sql,-0.00028747304297715905,0.0084396982253307,0.972827706525613
first_answer_1d,bash,docker,0.012186003207144983,0.009529106907667796,0.20096079264729527
first_answer_1d,bash,excel,-0.0012010707198529434,0.00760042835056911,0.874435748196521
first_answer_1d,bash,firebase,0.001880530897099382,0.008798197545845259,0.8307494484103475
first_answer_1d,bash,javascript,0.006388096473872319,0.010849582120167204,0.5560039470838551
first_answer_1d,bash,kubernetes,0.0022814602704961874,0.009552747368666169,0.8112392236353407
first_answer_1d,bash,linux,0.0025947478217564855,0.008841440061441868,0.7691585698683405
first_answer_1d,bash,memory-management,0.002843974305334102,0.008927716743740726,0.7500635146291408
first_answer_1d,bash,multithreading,0.003981255577140697,0.009317885200765931,0.6691824647477052
first_answer_1d,bash,numpy,0.002711618706578692,0.008923439880509101,0.7612224065175413
first_answer_1d,bash,pandas,0.0016554476284019776,0.00886265780039028,0.8518260151874083
first_answer_1d,bash,python,0.006202420487469587,0.010537373803964831,0.5561218484713611
first_answer_1d,bash,regex,0.0015202145453511924,0.009269662287219569,0.8697319989852251
first_answer_1d,bash,sql,-0.0012012107863518372,0.008136982958971011,0.8826398223839961
first_answer_1d,docker,excel,0.007634450497476072,0.008581309573264275,0.37364831418099065
first_answer_1d,docker,firebase,0.012044672990804273,0.009731898716714303,0.2158463028997467
first_answer_1d,docker,javascript,0.017638252059105207,0.010777919408591987,0.10173135853029926
first_answer_1d,docker,kubernetes,0.014619046842317253,0.011261754409913836,0.19424798790424647
first_answer_1d,docker,linux,0.012646551997577606,0.009381445120382503,0.17764590441088224
first_answer_1d,docker,memory-management,0.0128758208630466,0.009450438578471547,0.1730535498411102
first_answer_1d,docker,multithreading,0.01574056735398224,0.009565677527422455,0.09986146566158229
first_answer_1d,docker,numpy,0.012601003584102452,0.009476995995098839,0.18363654258027917
first_answer_1d,docker,pandas,0.011136036660564213,0.009681492837519807,0.25004519120471225
first_answer_1d,docker,python,0.01580447596005336,0.010928057122240332,0.14811290953366396
first_answer_1d,docker,regex,0.011472217679342124,0.010661577223091688,0.2819121307784106
first_answer_1d,docker,sql,0.007407277733843988,0.009389448779600676,0.4301740917858977
first_answer_1d,excel,firebase,-0.0015632087998129194,0.007551529355457661,0.8360054918140206
first_answer_1d,excel,javascript,0.001606108611854228,0.008823423185021504,0.8555608823317926
first_answer_1d,excel,kubernetes,-0.001351302236381117,0.008190690306220712,0.8689595174454117
first_answer_1d,excel,linux,-0.0008310303050484383,0.007599692752696931,0.9129244827826029
first_answer_1d,excel,memory-management,-0.0006320702738086482,0.007635640029875196,0.9340273061434222
first_answer_1d,excel,multithreading,0.0005107702359975774,0.008048249748665724,0.9493974097489771
first_answer_1d,excel,numpy,-0.0007927560641082895,0.007608902255330361,0.9170201822112305
first_answer_1d,excel,pandas,-0.0020036787295103424,0.0074452681329637335,0.7878364958672823
first_answer_1d,excel,python,0.0016440839376246875,0.008459987806547846,0.8459124521993122
first_answer_1d,excel,regex,-0.002381434444449079,0.007621779728395738,0.7546976224191625
first_answer_1d,excel,sql,-0.005607207378765872,0.00519120608851416,0.28008172586917224
first_answer_1d,firebase,javascript,0.005962558009711031,0.010619538770694225,0.5744768181691191
first_answer_1d,firebase,kubernetes,0.0015971733900900145,0.009412910746649052,0.8652625811583372
first_answer_1d,firebase,linux,0.002049229287940732,0.008714636791556984,0.8140938754444808
first_answer_1d,firebase,memory-management,0.0023512780443609386,0.00882462821517272,0.7898965141353927
first_answer_1d,firebase,multithreading,0.003529746270269086,0.009242026341845181,0.7025181711382185
first_answer_1d,firebase,numpy,0.0022163982429182646,0.008819078542870264,0.8015678159703068
first_answer_1d,firebase,pandas,0.0011404269869166488,0.008747225903450142,0.8962690746976916
first_answer_1d,firebase,python,0.0056781704079052414,0.010291504364055569,0.5811307756865844
first_answer_1d,firebase,regex,0.0009985106938805639,0.009166229039323738,0.9132551245813171
first_answer_1d,firebase,sql,-0.0016529188189132202,0.008045825384792394,0.8372298808855394
first_answer_1d,javascript,kubernetes,0.006518347844354114,0.011482032568046792,0.5702388124943663
first_answer_1d,javascript,linux,0.006680150894665135,0.010682578907492064,0.5317536448952542
first_answer_1d,javascript,memory-management,0.006977108350840992,0.01082989507583942,0.5194164190086379
first_answer_1d,javascript,multithreading,0.008071240214671892,0.011148428606825406,0.46907796568504534
first_answer_1d,javascript,numpy,0.0068899227288975505,0.01087797164556219,0.5264835388741477
first_answer_1d,javascript,pandas,0.005829192527892315,0.010995136523020935,0.5960003114650549
first_answer_1d,javascript,python,0.01876900438140858,0.010614686602543867,0.07702565531070497
first_answer_1d,javascript,regex,0.006058318285503937,0.011798022354265317,0.6075996069008429
first_answer_1d,javascript,sql,0.003046667976315858,0.011463320009076704,0.7904122225340015
first_answer_1d,kubernetes,linux,0.0024664069849187633,0.009489069101453316,0.7949248215319336
first_answer_1d,kubernetes,memory-management,0.002783288326727385,0.009598955159539652,0.7718488084426496
first_answer_1d,kubernetes,multithreading,0.004084702529120332,0.010159045050428044,0.68762850557854
first_answer_1d,kubernetes,numpy,0.0026360328647158367,0.00958200369424733,0.7832375155202891
first_answer_1d,kubernetes,pandas,0.0014908644714524784,0.00947659908200049,0.8749921678344907
first_answer_1d,kubernetes,python,0.0061565250746226105,0.011028543186642254,0.5766835357695316
first_answer_1d,kubernetes,regex,0.001338822993020923,0.009941701204562463,0.8928748541313933
first_answer_1d,kubernetes,sql,-0.0014915009016666907,0.008651653565700966,0.86312708587613
first_answer_1d,linux,memory-management,0.003066089279791688,0.008869008154023776,0.7295619842476155
first_answer_1d,linux,multithreading,0.00421708686665651,0.009272933502678743,0.6492720073474697
first_answer_1d,linux,numpy,0.002936152101929349,0.008863840201366201,0.7404552263975612
first_answer_1d,linux,pandas,0.0018994790125540736,0.008800299668321142,0.8291104894905361
first_answer_1d,linux,python,0.006405028853100132,0.010380026429322585,0.537199615181847
first_answer_1d,linux,regex,0.0017867447499701386,0.00921462045108931,0.8462516476199108
first_answer_1d,linux,sql,-0.000829244855661919,0.008146147405639473,0.9189186363240669
first_answer_1d,memory-management,multithreading,0.004466053081233327,0.009358748465306134,0.633215274605111
first_answer_1d,memory-management,numpy,0.003195202246077542,0.008953739845250356,0.7211990704994287
first_answer_1d,memory-management,pandas,0.0021605555339768616,0.008890795050514948,0.8079973519901098
first_answer_1d,memory-management,python,0.006745056902524811,0.010525352467426472,0.5216272572704008
first_answer_1d,memory-management,regex,0.002059352536548829,0.009310685288095569,0.8249510131894986
first_answer_1d,memory-management,sql,-0.0005838710368768554,0.00823250357226855,0.9434593101561364
first_answer_1d,multithreading,numpy,0.004329442853803685,0.009342301268936738,0.6430607681954155
first_answer_1d,multithreading,pandas,0.003289226583762796,0.00925313732857778,0.7222363940649313
first_answer_1d,multithreading,python,0.007740904293216476,0.010751410521450044,0.4715313683970438
first_answer_1d,multithreading,regex,0.003218935187246356,0.009697351986982242,0.7399348638744185
first_answer_1d,multithreading,sql,0.0005363507939099166,0.008557674185536625,0.9500254389480455
first_answer_1d,numpy,pandas,0.0020273593933008236,0.008891418864880625,0.8196361076156309
first_answer_1d,numpy,python,0.006678519083914113,0.010585142777671927,0.528084136138185
first_answer_1d,numpy,regex,0.0019224238538688722,0.009313410436413257,0.8364670702605281
first_answer_1d,numpy,sql,-0.0007349790762919161,0.008234202228385813,0.928875843698396
first_answer_1d,pandas,python,0.00569129952137793,0.010699705046751863,0.594787074472251
first_answer_1d,pandas,regex,0.0007749115940186074,0.009246048180342034,0.9332074716895928
first_answer_1d,pandas,sql,-0.002014698606178011,0.008051236265628894,0.8024058601470019
first_answer_1d,python,regex,0.005929867683703583,0.011511284251600072,0.606458548688299
first_answer_1d,python,sql,0.0031557188683291027,0.01132388158985367,0.780491798625807
first_answer_1d,regex,sql,-0.00235526375222428,0.00837759377809007,0.7786042090258034
accepted_7d,android,apache-spark,0.008110926324491672,0.004374240535471168,0.06370370216821446
accepted_7d,android,bash,0.00771389029343562,0.004326369048833379,0.07458727109065419
accepted_7d,android,docker,0.01476036794090674,0.004284234634757222,0.0005704779640984568
accepted_7d,android,excel,0.007584159544754574,0.004317940203359971,0.07901502069687462
accepted_7d,android,firebase,0.006311300365334969,0.0038241545628759127,0.09886565825153716
accepted_7d,android,javascript,0.00787326446648436,0.00440556148764442,0.07391819024409839
accepted_7d,android,kubernetes,0.005362666198695658,0.0031718288287824366,0.09089078896543248
accepted_7d,android,linux,0.007817223276429835,0.004442511037465521,0.0784687444256352
accepted_7d,android,memory-management,0.007906950014349467,0.00438377349672838,0.07128057659113718
accepted_7d,android,multithreading,0.00823182678888068,0.004677952027964553,0.07845743089705771
accepted_7d,android,numpy,0.007891528595437586,0.004348412728452918,0.06955361894885059
accepted_7d,android,pandas,0.00807373267136635,0.004452209338039366,0.06976681744355397
accepted_7d,android,python,0.007991682318106265,0.004224530680896823,0.058526620339303975
accepted_7d,android,regex,0.00796002541240463,0.004613875323439535,0.08448488773569007
accepted_7d,android,sql,0.006704171168103739,0.004107706081952466,0.10265923851292884
accepted_7d,apache-spark,bash,0.009198005440519163,0.0041374358419923015,0.026207887438740415
accepted_7d,apache-spark,docker,0.015059975088431524,0.0028054082295764005,7.9529067207507e-08
accepted_7d,apache-spark,excel,0.009061321950589087,0.004131369149270015,0.028285946009975603
accepted_7d,apache-spark,firebase,0.008298307940673407,0.003941057172620217,0.03523871652410362
accepted_7d,apache-spark,javascript,0.00942608612966913,0.004311036343812987,0.02877895714859419
accepted_7d,apache-spark,kubernetes,0.00766765099289527,0.0037866166978296856,0.042874084932946054
accepted_7d,apache-spark,linux,0.009359477869387367,0.004238388857037569,0.02722593549340259
accepted_7d,apache-spark,memory-management,0.009400875834418046,0.004191317483062255,0.024900650054323716
accepted_7d,apache-spark,multithreading,0.009716125299773651,0.004409791672434762,0.027573110921356978
accepted_7d,apache-spark,numpy,0.00941381082146669,0.00417622976887222,0.024187297952805976
accepted_7d,apache-spark,pandas,0.009602671555446538,0.0042726543389000156,0.02460986966391058
accepted_7d,apache-spark,python,0.00953110746411068,0.004141091283669695,0.021358125003267846
accepted_7d,apache-spark,regex,0.009530950380640349,0.004420437137328515,0.03107504744673202
accepted_7d,apache-spark,sql,0.008257315075585782,0.003959440155569078,0.03702616811752581
accepted_7d,bash,docker,0.014406432734019616,0.0029083488672689535,7.289981462535579e-07
accepted_7d,bash,excel,0.008592749399122824,0.004067159611511907,0.03462516273855016
accepted_7d,bash,firebase,0.00785337661638597,0.003874339166708947,0.04266000735636569
accepted_7d,bash,javascript,0.008817353705046365,0.004235622298598321,0.037368612577479886
accepted_7d,bash,kubernetes,0.007197899509456983,0.003696319385747055,0.051496938531736015
accepted_7d,bash,linux,0.00891785463401516,0.004169380204576264,0.03244440310069498
accepted_7d,bash,memory-management,0.008954336088014077,0.004122013417620703,0.029831463176336625
accepted_7d,bash,multithreading,0.009268333485629438,0.004332819315168922,0.032427576239289935
accepted_7d,bash,numpy,0.0089634273789299,0.004105197518558136,0.02900387263799751
accepted_7d,bash,pandas,0.009136790689154713,0.004195379349328511,0.029419269263090443
accepted_7d,bash,python,0.008929539751680938,0.004092380676530612,0.029110161852154842
accepted_7d,bash,regex,0.009034852572269613,0.004336075620400477,0.03719225458954427
accepted_7d,bash,sql,0.007734126886294769,0.003873361993066282,0.04585259096504624
accepted_7d,docker,excel,0.014232926854668976,0.0029452820689130285,1.348633297295594e-06
accepted_7d,docker,firebase,0.013192053978707948,0.003079700697661837,1.8393418817938506e-05
accepted_7d,docker,javascript,0.014734212336556175,0.003113165958853973,2.213663779708034e-06
accepted_7d,docker,kubernetes,0.012764130483799197,0.003324796677935749,0.0001235007200084596
accepted_7d,docker,linux,0.014851686627159126,0.002919141063157324,3.624499954466299e-07
accepted_7d,docker,memory-management,0.014753563498733652,0.0028724826275706426,2.8039175316070496e-07
accepted_7d,docker,multithreading,0.0157284635227133,0.0026553392614758822,3.1547758684716942e-09
accepted_7d,docker,numpy,0.014708046047020317,0.002877579452225829,3.20023493325803e-07
accepted_7d,docker,pandas,0.01513216786320338,0.00284049209987118,9.968068337256152e-08
accepted_7d,docker,python,0.014625230128523603,0.002975703407433018,8.883609987371145e-07
accepted_7d,docker,regex,0.01536159421344381,0.0029400092561174787,1.7414043183322813e-07
accepted_7d,docker,sql,0.013241128571155154,0.002956005111766319,7.4853233647836755e-06
accepted_7d,excel,firebase,0.007710300222526954,0.003868465031915801,0.04624872734525964
accepted_7d,excel,javascript,0.00860854992824807,0.004247283054496376,0.04267909758736547
accepted_7d,excel,kubernetes,0.007037276812717688,0.0036789778048397716,0.05576920318403007
accepted_7d,excel,linux,0.008771444572959327,0.004162778950370813,0.03510780800340675
accepted_7d,excel,memory-management,0.008807038569999532,0.004116301721531823,0.032391048441997666
accepted_7d,excel,multithreading,0.009120918411875062,0.004325616194068467,0.03498063866405835
accepted_7d,excel,numpy,0.008818493582428784,0.0040994780736859715,0.03146626138061669
accepted_7d,excel,pandas,0.008989780787494921,0.004190002262984107,0.031910395723994775
accepted_7d,excel,python,0.008744237566260173,0.004108607562099607,0.03331447503529842
accepted_7d,excel,regex,0.00887699292227838,0.004332733294894513,0.04047966756389674
accepted_7d,excel,sql,0.0075150908819917135,0.003847115446831484,0.05076804405626284
accepted_7d,firebase,javascript,0.008001807002843687,0.004023088935640333,0.04670441004890736
accepted_7d,firebase,kubernetes,0.005988481938635853,0.0032817858877365286,0.06803677966037397
accepted_7d,firebase,linux,0.007992553041888792,0.003968669484197858,0.0440187220088025
accepted_7d,firebase,memory-management,0.008056006046667803,0.003923995704943212,0.04007151808400789
accepted_7d,firebase,multithreading,0.008346680389323397,0.004125124846129134,0.043034352236632815
accepted_7d,firebase,numpy,0.008061672641641265,0.003908975947326995,0.03917452093096589
accepted_7d,firebase,pandas,0.008234187157506909,0.0039945077517619595,0.03926706942173158
accepted_7d,firebase,python,0.008145711368322758,0.003877086196366117,0.03564202430016212
accepted_7d,firebase,regex,0.008109513185549916,0.004127823616984101,0.049460807123830546
accepted_7d,firebase,sql,0.00682519401511189,0.003647217818357839,0.061297611711208774
accepted_7d,javascript,kubernetes,0.007289241734071634,0.0038379017991311934,0.05752795850358013
accepted_7d,javascript,linux,0.009030243394420127,0.004319508635284982,0.036566456471026604
accepted_7d,javascript,memory-management,0.009072292545844138,0.004284285519875703,0.03421114385306767
accepted_7d,javascript,multithreading,0.009382444662261302,0.004494414725375766,0.036835850767254354
accepted_7d,javascript,numpy,0.009117253772692156,0.0042726546551431184,0.03285411021888623
accepted_7d,javascript,pandas,0.009333199874930287,0.004385577840080715,0.03332403662905834
accepted_7d,javascript,python,0.009221102083650165,0.004510301209671153,0.040908745011016295
accepted_7d,javascript,regex,0.009220429736453277,0.004568867373942671,0.043580882125528776
accepted_7d,javascript,sql,0.0075670721821979306,0.004025037549183263,0.06010802409429919
accepted_7d,kubernetes,linux,0.007338278919545196,0.003799957747927968,0.0534648138240437
accepted_7d,kubernetes,memory-management,0.007414095619650649,0.0037597700375263986,0.04861479556110995
accepted_7d,kubernetes,multithreading,0.007708691936624011,0.003983657186791409,0.05298058447184439
accepted_7d,kubernetes,numpy,0.0074183412445538045,0.003742638719357448,0.047466344200698535
accepted_7d,kubernetes,pandas,0.00759222910107977,0.0038387326785211695,0.04795175537758921
accepted_7d,kubernetes,python,0.0074638017224365714,0.003706633108938913,0.04404799475415425
accepted_7d,kubernetes,regex,0.007427609143575984,0.003960183795098006,0.06071409841819638
accepted_7d,kubernetes,sql,0.006047144940072953,0.003312588291851591,0.06792492788275341
accepted_7d,linux,memory-management,0.009121141019362873,0.0042221120174187115,0.03074739296806814
accepted_7d,linux,multithreading,0.00944206519595688,0.004445922188441052,0.033690339874386036
accepted_7d,linux,numpy,0.009127217234235437,0.004204087540194202,0.029928597948718935
accepted_7d,linux,pandas,0.009305843140663685,0.004297565305113894,0.030358931476607762
accepted_7d,linux,python,0.009131750835666667,0.004172126818545233,0.028614871663289417
accepted_7d,linux,regex,0.0092156779515006,0.004442328726740719,0.03803149934964906
accepted_7d,linux,sql,0.007939395590858806,0.003978808837999706,0.04599706787666465
accepted_7d,memory-management,multithreading,0.00947591876262555,0.004390489203163674,0.030905825831548803
accepted_7d,memory-management,numpy,0.009166768906018377,0.004156817916676892,0.0274374641329652
accepted_7d,memory-management,pandas,0.009345163033876915,0.004249691549297561,0.027876394431957406
accepted_7d,memory-management,python,0.0091708259615454,0.004135916727327535,0.026598341547744472
accepted_7d,memory-management,regex,0.00925591568400137,0.004393236903387122,0.035130100008874385
accepted_7d,memory-management,sql,0.00797588786197721,0.003933508778376538,0.042593157489813516
accepted_7d,multithreading,numpy,0.009480710037897574,0.004370765502455507,0.030073658517361067
accepted_7d,multithreading,pandas,0.009666995997489897,0.004473304749413517,0.030692154683974546
accepted_7d,multithreading,python,0.00948115809676023,0.004341073627695639,0.028957960809968236
accepted_7d,multithreading,regex,0.009587675688163268,0.004629456657922555,0.03835736386912146
accepted_7d,multithreading,sql,0.008287985710715822,0.004143401840556143,0.045469467599241434
accepted_7d,numpy,pandas,0.009357868100468174,0.00423401846565698,0.027093898582761615
accepted_7d,numpy,python,0.009211767636211567,0.0041182861247008,0.025299649027443395
accepted_7d,numpy,regex,0.00927164904079529,0.004377747032877998,0.03418317771786187
accepted_7d,numpy,sql,0.007995183265327808,0.003920625832683239,0.04142388630642255
accepted_7d,pandas,python,0.009421079518529931,0.0042152344879469285,0.025416874687046308
accepted_7d,pandas,regex,0.009466381612658226,0.004485803054491329,0.03483268811818222
accepted_7d,pandas,sql,0.008161350958438328,0.004014857582566711,0.042074030534756966
accepted_7d,python,regex,0.009308803403617625,0.0043850240113124835,0.03376536861035096
accepted_7d,python,sql,0.007682202631295979,0.0038767478434232052,0.047522897344778284
accepted_7d,regex,sql,0.007986801728676097,0.004145115586334885,0.054004769523408824
accepted_30d,android,apache-spark,0.010702264579239904,0.0050672613198358245,0.03468291732894758
accepted_30d,android,bash,0.010215424271513594,0.005009183828362776,0.04141619923754243
accepted_30d,android,docker,0.01825298170406027,0.005305432194842514,0.0005807851419994816
accepted_30d,android,excel,0.010120456150950308,0.005003487070402853,0.043106089922479475
accepted_30d,android,firebase,0.00837969390104407,0.004254062982972676,0.04886020137531867
accepted_30d,android,javascript,0.010472687441312068,0.0051000008594322115,0.04002723153107753
accepted_30d,android,kubernetes,0.007670288061938731,0.003933442232663778,0.05117382500887452
accepted_30d,android,linux,0.010290555603239823,0.005125140801257844,0.04465837002697759
accepted_30d,android,memory-management,0.010405562588765318,0.00506209768505029,0.03982271554860632
accepted_30d,android,multithreading,0.010944232467772317,0.005451005736387486,0.04467033842640059
accepted_30d,android,numpy,0.0104370826666679,0.005037712787544417,0.03828503540814721
accepted_30d,android,pandas,0.010662459408950716,0.005160188554532846,0.0388008600227888
accepted_30d,android,python,0.010432026330246712,0.004935714375669148,0.03455117043936387
accepted_30d,android,regex,0.010525583527149664,0.005347704813645196,0.0490400641852827
accepted_30d,android,sql,0.00895467757826351,0.004706695335063319,0.05710055484760386
accepted_30d,apache-spark,bash,0.011657553034686999,0.004625838531403876,0.011732313025488153
accepted_30d,apache-spark,docker,0.01808404392269216,0.0035867477689096924,4.609184916806878e-07
accepted_30d,apache-spark,excel,0.011572405678314777,0.004633841753429116,0.012511922283883077
accepted_30d,apache-spark,firebase,0.010431073652594179,0.004256592027166545,0.014263051259102908
accepted_30d,apache-spark,javascript,0.012050196208356458,0.004839269495960528,0.01277122635376688
accepted_30d,apache-spark,kubernetes,0.009966821755086001,0.0042433440639667,0.01883336204119102
accepted_30d,apache-spark,linux,0.011798728523222148,0.0047204841966346795,0.012437775069014787
accepted_30d,apache-spark,memory-management,0.011863923055052489,0.0046762078226684186,0.011178074358097131
accepted_30d,apache-spark,multithreading,0.012343937722146307,0.004950213011028427,0.012644873008001533
accepted_30d,apache-spark,numpy,0.011921151442383449,0.00467057269972908,0.01069848200570759
accepted_30d,apache-spark,pandas,0.01215135948150378,0.004780501619671259,0.011026474970528012
accepted_30d,apache-spark,python,0.011916908259221759,0.0046563855037532985,0.010489479702710263
accepted_30d,apache-spark,regex,0.012056388690643335,0.0049464042020346535,0.014793114273474739
accepted_30d,apache-spark,sql,0.010480582960847308,0.004365334415268101,0.016356324965117075
accepted_30d,bash,docker,0.01729330655678315,0.0037029646464290817,3.0101699201963996e-06
accepted_30d,bash,excel,0.011003311522180858,0.004563157211968761,0.015894138414476035
accepted_30d,bash,firebase,0.009890893812597681,0.004186858855090705,0.018158695369509748
accepted_30d,bash,javascript,0.011310279264645017,0.004765007188264617,0.017615039620078578
accepted_30d,bash,kubernetes,0.009396833189203849,0.004145441875856879,0.023403248974689345
accepted_30d,bash,linux,0.011262287380259616,0.004645295153656091,0.015331580346644308
accepted_30d,bash,memory-management,0.01132167067537982,0.004600480725889632,0.013855980070367677
accepted_30d,bash,multithreading,0.011799301459632452,0.00486361699646268,0.015264829189327945
accepted_30d,bash,numpy,0.011374231964123592,0.00459227203042031,0.01325586748323115
accepted_30d,bash,pandas,0.011585350600407723,0.004694814533479664,0.013598772978630375
accepted_30d,bash,python,0.01119181390578509,0.004610154636199389,0.015197255543956149
accepted_30d,bash,regex,0.01145375690809675,0.004853304612123627,0.018275361140067076
accepted_30d,bash,sql,0.009845666040714386,0.0042715029851210515,0.02116851844469419
accepted_30d,docker,excel,0.017185000145051754,0.00373974654294116,4.322696228090492e-06
accepted_30d,docker,firebase,0.015461210309684805,0.003719165047844709,3.2221083120834504e-05
accepted_30d,docker,javascript,0.017811207035581627,0.003905282053301439,5.095930875062212e-06
accepted_30d,docker,kubernetes,0.015446922638848191,0.0042953724379961086,0.0003229272274478436
accepted_30d,docker,linux,0.017700592944462964,0.0037639558228197848,2.5679770193352607e-06
accepted_30d,docker,memory-management,0.017636366319192326,0.0036798452152688945,1.6455780359541072e-06
accepted_30d,docker,multithreading,0.018968213262341313,0.0034471981448846454,3.7443985554744826e-08
accepted_30d,docker,numpy,0.01766296288124603,0.003666015327245404,1.4498434824300086e-06
accepted_30d,docker,pandas,0.01816290823383183,0.00364396784291071,6.216188583441264e-07
accepted_30d,docker,python,0.017433874108627366,0.0037922487242322694,4.281262195263796e-06
accepted_30d,docker,regex,0.018383415563559147,0.0038166929269297695,1.4603795333792463e-06
accepted_30d,docker,sql,0.0157762844026539,0.0037098673059955574,2.1137846244148792e-05
accepted_30d,excel,firebase,0.00979763966210961,0.0041965216080991265,0.019558840864145683
accepted_30d,excel,javascript,0.011175485450311336,0.004800753985085365,0.01991951363080703
accepted_30d,excel,kubernetes,0.009286406739324675,0.004146176074095639,0.025107018471092306
accepted_30d,excel,linux,0.011162813841851593,0.004651469127939614,0.016401929594557395
accepted_30d,excel,memory-management,0.011222104129110054,0.004607894501393058,0.014874997800915878
accepted_30d,excel,multithreading,0.011698921600355445,0.004869739138591091,0.016289164792614053
accepted_30d,excel,numpy,0.011278236789479926,0.004600098702823232,0.014216813495214848
accepted_30d,excel,pandas,0.011489170055906672,0.004703822890695214,0.014585219645409158
accepted_30d,excel,python,0.011067317930493158,0.004646712358848337,0.017230482188289382
accepted_30d,excel,regex,0.011350606178334876,0.004866434300371376,0.01967820212961694
accepted_30d,excel,sql,0.009677018009661413,0.004260600915626353,0.023130028027967556
accepted_30d,firebase,javascript,0.010182493583327267,0.004384469965838736,0.02021140080287689
accepted_30d,firebase,kubernetes,0.0077857513962030075,0.0034630259730470793,0.024560193176398744
accepted_30d,firebase,linux,0.00999718820964871,0.004267896384361268,0.01915935310242023
accepted_30d,firebase,memory-management,0.010093659667100635,0.004230412593337891,0.017033898244273326
accepted_30d,firebase,multithreading,0.010545979739760184,0.004467796216090598,0.01825310734352088
accepted_30d,firebase,numpy,0.010145653932470253,0.004224726809552118,0.01632829957552899
accepted_30d,firebase,pandas,0.010353963607227144,0.004318516305260982,0.016504034476085474
accepted_30d,firebase,python,0.010122349441211258,0.004230461705749023,0.016723577116863286
accepted_30d,firebase,regex,0.010190371588281578,0.004464551401275486,0.02245940139576937
accepted_30d,firebase,sql,0.008604938925051668,0.003859740190689879,0.0257867141808457
accepted_30d,javascript,kubernetes,0.009623894481038413,0.004341515922481002,0.026642714652883804
accepted_30d,javascript,linux,0.011511023524636049,0.0048365114101985235,0.01731141054433252
accepted_30d,javascript,memory-management,0.011575266890127642,0.004806005353745927,0.016018198936034993
accepted_30d,javascript,multithreading,0.012042022725042291,0.005071777810529907,0.017581313287223177
accepted_30d,javascript,numpy,0.011671336795052584,0.0048030188678478206,0.015098814625933144
accepted_30d,javascript,pandas,0.01193785947331966,0.004929958440820925,0.015456902019943729
accepted_30d,javascript,python,0.011595959708293715,0.005164101486432797,0.024736426989034846
accepted_30d,javascript,regex,0.011800411880526723,0.005140382104020033,0.021697084783890437
accepted_30d,javascript,sql,0.009764744340901781,0.004473385114143714,0.02904660053801468
accepted_30d,kubernetes,linux,0.009505702397839232,0.004235943160127702,0.024828665836572755
accepted_30d,kubernetes,memory-management,0.009613958582348507,0.00420321044779409,0.02217893846507759
accepted_30d,kubernetes,multithreading,0.010093188045391558,0.004489623055003529,0.024568870458091373
accepted_30d,kubernetes,numpy,0.009667089675678845,0.004197485252325306,0.021275074911814868
accepted_30d,kubernetes,pandas,0.009880418475003263,0.004307514233473852,0.02180409305115335
accepted_30d,kubernetes,python,0.009580020564619733,0.004191895755023296,0.022291312580502813
accepted_30d,kubernetes,regex,0.009679699766525461,0.004447343142824778,0.02951692938741277
accepted_30d,kubernetes,sql,0.007971169756466888,0.0036375694619410646,0.028426833878175857
accepted_30d,linux,memory-management,0.011468390833642473,0.004693373430506746,0.014544428553724394
accepted_30d,linux,multithreading,0.011954925069979777,0.004970797860407697,0.016171075072359736
accepted_30d,linux,numpy,0.01151828787559044,0.004684579419492046,0.013941518294400155
accepted_30d,linux,pandas,0.011735358633473695,0.004790335795757269,0.01429360806597901
accepted_30d,linux,python,0.011392409648341054,0.004677302573601557,0.014863850870290076
accepted_30d,linux,regex,0.011616426886788926,0.004952234129242344,0.01899168192739574
accepted_30d,linux,sql,0.01003950520781418,0.004372287914966294,0.021666308685490025
accepted_30d,memory-management,multithreading,0.012010299975413608,0.00491741287229826,0.014589882467202366
accepted_30d,memory-management,numpy,0.011581276709749127,0.004639977809420914,0.012561083604703031
accepted_30d,memory-management,pandas,0.011797797221409723,0.004745220141120161,0.01290977252507234
accepted_30d,memory-management,python,0.01144976269112286,0.004644907122084714,0.013700776595201304
accepted_30d,memory-management,regex,0.01168042873901137,0.00490613184249389,0.01727594800932089
accepted_30d,memory-management,sql,0.010098159275225654,0.00432901125383167,0.019665416159572197
accepted_30d,multithreading,numpy,0.012059295894726027,0.004907572350632384,0.013999221563260122
accepted_30d,multithreading,pandas,0.012286150375897975,0.005025954170285561,0.014503664716236512
accepted_30d,multithreading,python,0.011921434622865759,0.0049043457969445816,0.015065944731758733
accepted_30d,multithreading,regex,0.012184416076165038,0.005202310652891223,0.019174743806055477
accepted_30d,multithreading,sql,0.010574335218167297,0.004589264619449831,0.021214455370195492
accepted_30d,numpy,pandas,0.011855235942111584,0.00473910450157116,0.012364146995459813
accepted_30d,numpy,python,0.011537729832126708,0.004635492437848278,0.012810380879180483
accepted_30d,numpy,regex,0.01174277087653198,0.004900795723560102,0.01657080639338022
accepted_30d,numpy,sql,0.01016400377380942,0.004325542715238846,0.018785326458048698
accepted_30d,pandas,python,0.011784002863951511,0.004745571700605048,0.013022342625672634
accepted_30d,pandas,regex,0.011979570337970785,0.005023794499813199,0.017099273261755272
accepted_30d,pandas,sql,0.010364526473755754,0.004430236433884244,0.019309707665886282
accepted_30d,python,regex,0.011625663676720542,0.004940046353594268,0.01860505601622706
accepted_30d,python,sql,0.009587117199667601,0.004272483224834921,0.024837449040770274
accepted_30d,regex,sql,0.010140418727388033,0.004571483437282497,0.026541882054662732
