specification,draw,coef,actual_coef
novice_entry_share,0,0.003460539817146436,0.005759913227238719
novice_entry_share,1,0.007630721255120736,0.005759913227238719
novice_entry_share,2,-0.0022586594634251026,0.005759913227238719
novice_entry_share,3,0.005111908762360665,0.005759913227238719
novice_entry_share,4,0.007661885470973259,0.005759913227238719
novice_entry_share,5,-0.007439762174500056,0.005759913227238719
novice_entry_share,6,-0.00330046379046968,0.005759913227238719
novice_entry_share,7,-0.00187626050298065,0.005759913227238719
novice_entry_share,8,-0.003516959603573993,0.005759913227238719
novice_entry_share,9,-0.011092688798387037,0.005759913227238719
novice_entry_share,10,-0.0017218149542580108,0.005759913227238719
novice_entry_share,11,-0.008429604257103183,0.005759913227238719
novice_entry_share,12,0.004128231762865993,0.005759913227238719
novice_entry_share,13,0.007480214480757837,0.005759913227238719
novice_entry_share,14,-0.004437650702869957,0.005759913227238719
novice_entry_share,15,-0.011882321553752299,0.005759913227238719
novice_entry_share,16,0.0003726108078424957,0.005759913227238719
novice_entry_share,17,-0.007601895427987326,0.005759913227238719
novice_entry_share,18,0.01148837948759932,0.005759913227238719
novice_entry_share,19,0.0019221536105392678,0.005759913227238719
novice_entry_share,20,-0.0014543459152782565,0.005759913227238719
novice_entry_share,21,0.002243422405765866,0.005759913227238719
novice_entry_share,22,0.007501504296373741,0.005759913227238719
novice_entry_share,23,0.008136185865723025,0.005759913227238719
novice_entry_share,24,0.0024153054011926104,0.005759913227238719
novice_entry_share,25,-0.014572527842890277,0.005759913227238719
novice_entry_share,26,-0.005319286700511769,0.005759913227238719
novice_entry_share,27,0.002113198548069274,0.005759913227238719
novice_entry_share,28,0.005466992105500734,0.005759913227238719
novice_entry_share,29,-0.0010990141117223071,0.005759913227238719
novice_entry_share,30,0.0025039357240000176,0.005759913227238719
novice_entry_share,31,-0.0039639975913001065,0.005759913227238719
novice_entry_share,32,0.008703571315850792,0.005759913227238719
novice_entry_share,33,-0.004389729865982096,0.005759913227238719
novice_entry_share,34,-0.011359465805151405,0.005759913227238719
novice_entry_share,35,0.007381346555231799,0.005759913227238719
novice_entry_share,36,-0.0027382085012064377,0.005759913227238719
novice_entry_share,37,0.011800457932709441,0.005759913227238719
novice_entry_share,38,-0.007789361484690525,0.005759913227238719
novice_entry_share,39,0.003707185530524331,0.005759913227238719
novice_entry_share,40,0.010622231912956515,0.005759913227238719
novice_entry_share,41,0.0004986307728842728,0.005759913227238719
novice_entry_share,42,-0.007477630913619094,0.005759913227238719
novice_entry_share,43,0.0017632609652381047,0.005759913227238719
novice_entry_share,44,-0.004319330896134789,0.005759913227238719
novice_entry_share,45,-0.0104378478772547,0.005759913227238719
novice_entry_share,46,-0.01241633485177022,0.005759913227238719
novice_entry_share,47,0.004722263123599572,0.005759913227238719
novice_entry_share,48,0.0019136094878055222,0.005759913227238719
novice_entry_share,49,0.010327253432819792,0.005759913227238719
novice_entry_share,50,-0.005991755530690924,0.005759913227238719
novice_entry_share,51,0.0011011890627997622,0.005759913227238719
novice_entry_share,52,-0.005020384861187216,0.005759913227238719
novice_entry_share,53,-0.00851393984710144,0.005759913227238719
novice_entry_share,54,0.0047637251555374596,0.005759913227238719
novice_entry_share,55,0.0054986390640269205,0.005759913227238719
novice_entry_share,56,0.007285322367452121,0.005759913227238719
novice_entry_share,57,0.006411713632563296,0.005759913227238719
novice_entry_share,58,0.005032235453153736,0.005759913227238719
novice_entry_share,59,-0.012989258407773029,0.005759913227238719
novice_entry_share,60,0.008719475578056888,0.005759913227238719
novice_entry_share,61,-0.003329134945411549,0.005759913227238719
novice_entry_share,62,0.008017508468239041,0.005759913227238719
novice_entry_share,63,0.0006499939835120739,0.005759913227238719
novice_entry_share,64,-0.011104212450366536,0.005759913227238719
novice_entry_share,65,0.010824577568083584,0.005759913227238719
novice_entry_share,66,-0.000722859201947461,0.005759913227238719
novice_entry_share,67,-0.007715081370170449,0.005759913227238719
novice_entry_share,68,0.00989671046100744,0.005759913227238719
novice_entry_share,69,0.00887647675645794,0.005759913227238719
novice_entry_share,70,5.607303169403942e-05,0.005759913227238719
novice_entry_share,71,0.010447931939553052,0.005759913227238719
novice_entry_share,72,-0.012666210011848516,0.005759913227238719
novice_entry_share,73,0.011659102543331395,0.005759913227238719
novice_entry_share,74,-0.0018891741798937787,0.005759913227238719
novice_entry_share,75,-0.007187959991736773,0.005759913227238719
novice_entry_share,76,0.009590542005213894,0.005759913227238719
novice_entry_share,77,0.0032207410293060785,0.005759913227238719
novice_entry_share,78,0.011202251003868513,0.005759913227238719
novice_entry_share,79,-0.005760003336366662,0.005759913227238719
novice_entry_share,80,0.00451203295514951,0.005759913227238719
novice_entry_share,81,-0.008766160439275961,0.005759913227238719
novice_entry_share,82,0.003705518151020514,0.005759913227238719
novice_entry_share,83,-0.00934615676592453,0.005759913227238719
novice_entry_share,84,0.0033310728216674307,0.005759913227238719
novice_entry_share,85,-0.012412015378712823,0.005759913227238719
novice_entry_share,86,0.00977536951805176,0.005759913227238719
novice_entry_share,87,6.856930105908893e-05,0.005759913227238719
novice_entry_share,88,0.002913600476442914,0.005759913227238719
novice_entry_share,89,-0.007443202941287243,0.005759913227238719
novice_entry_share,90,0.005390617231431233,0.005759913227238719
novice_entry_share,91,-0.005731975369511907,0.005759913227238719
novice_entry_share,92,0.0008855204051713712,0.005759913227238719
novice_entry_share,93,0.0013832248915587957,0.005759913227238719
novice_entry_share,94,-0.009110636846030562,0.005759913227238719
novice_entry_share,95,0.0002040570056106119,0.005759913227238719
novice_entry_share,96,0.004354776036888664,0.005759913227238719
novice_entry_share,97,-0.006072911100983045,0.005759913227238719
novice_entry_share,98,0.009913354724805033,0.005759913227238719
novice_entry_share,99,-0.00040425232119415706,0.005759913227238719
novice_entry_share,100,0.008727505308477195,0.005759913227238719
novice_entry_share,101,0.003358578430762294,0.005759913227238719
novice_entry_share,102,-0.008851739852842521,0.005759913227238719
novice_entry_share,103,0.007699145279247222,0.005759913227238719
novice_entry_share,104,-0.010782632668041595,0.005759913227238719
novice_entry_share,105,0.009669944756601722,0.005759913227238719
novice_entry_share,106,-0.006108094811834933,0.005759913227238719
novice_entry_share,107,-0.0018283340182651585,0.005759913227238719
novice_entry_share,108,0.017347262043092882,0.005759913227238719
novice_entry_share,109,0.0052938386001313825,0.005759913227238719
novice_entry_share,110,0.00028288222016190957,0.005759913227238719
novice_entry_share,111,0.006510712482876752,0.005759913227238719
novice_entry_share,112,0.000252670589149836,0.005759913227238719
novice_entry_share,113,4.5842575456300097e-05,0.005759913227238719
novice_entry_share,114,-0.0069132534183744985,0.005759913227238719
novice_entry_share,115,0.009422803720593254,0.005759913227238719
novice_entry_share,116,0.0015665351971022115,0.005759913227238719
novice_entry_share,117,-0.004664686610331156,0.005759913227238719
novice_entry_share,118,0.004473754541451362,0.005759913227238719
novice_entry_share,119,0.007523999223154266,0.005759913227238719
novice_entry_share,120,-0.009968162641869654,0.005759913227238719
novice_entry_share,121,-0.004819138542700529,0.005759913227238719
novice_entry_share,122,0.006149803362009716,0.005759913227238719
novice_entry_share,123,0.004920474379414867,0.005759913227238719
novice_entry_share,124,0.013586101506082165,0.005759913227238719
novice_entry_share,125,0.005479447603377829,0.005759913227238719
novice_entry_share,126,-0.009173499182032765,0.005759913227238719
novice_entry_share,127,-0.014089601788655308,0.005759913227238719
novice_entry_share,128,0.006492559794503841,0.005759913227238719
novice_entry_share,129,-0.009158609784547812,0.005759913227238719
novice_entry_share,130,-0.011874357988699966,0.005759913227238719
novice_entry_share,131,-0.0024203478432984218,0.005759913227238719
novice_entry_share,132,-0.012145354970548384,0.005759913227238719
novice_entry_share,133,-0.014263705961171777,0.005759913227238719
novice_entry_share,134,-0.005776204267726969,0.005759913227238719
novice_entry_share,135,-0.00689021509968623,0.005759913227238719
novice_entry_share,136,-0.0031794457075639297,0.005759913227238719
novice_entry_share,137,-0.005991751837011873,0.005759913227238719
novice_entry_share,138,-0.011045272903266342,0.005759913227238719
novice_entry_share,139,0.00672184493730276,0.005759913227238719
novice_entry_share,140,0.01024748309712589,0.005759913227238719
novice_entry_share,141,-0.005047838668892234,0.005759913227238719
novice_entry_share,142,0.012752480793156794,0.005759913227238719
novice_entry_share,143,0.0044407410829230415,0.005759913227238719
novice_entry_share,144,0.011677212517712712,0.005759913227238719
novice_entry_share,145,-0.0037516006340735293,0.005759913227238719
novice_entry_share,146,0.003767851324274055,0.005759913227238719
novice_entry_share,147,0.0015887341105891106,0.005759913227238719
novice_entry_share,148,-0.005915045123810359,0.005759913227238719
novice_entry_share,149,-0.014603343229878423,0.005759913227238719
novice_entry_share,150,-0.014399031910937008,0.005759913227238719
novice_entry_share,151,0.0023264507030162237,0.005759913227238719
novice_entry_share,152,0.009976884717604892,0.005759913227238719
novice_entry_share,153,0.0020678047487778122,0.005759913227238719
novice_entry_share,154,-0.007159417905162474,0.005759913227238719
novice_entry_share,155,-0.0027102952703759353,0.005759913227238719
novice_entry_share,156,0.0027249717574743403,0.005759913227238719
novice_entry_share,157,-0.01253168086179049,0.005759913227238719
novice_entry_share,158,0.000369454182179007,0.005759913227238719
novice_entry_share,159,0.0019140698431836757,0.005759913227238719
novice_entry_share,160,0.015669343241094248,0.005759913227238719
novice_entry_share,161,0.004386943782412799,0.005759913227238719
novice_entry_share,162,0.005698769483969245,0.005759913227238719
novice_entry_share,163,0.002389113229576184,0.005759913227238719
novice_entry_share,164,-0.0020394892320307807,0.005759913227238719
novice_entry_share,165,0.0033779693115177298,0.005759913227238719
novice_entry_share,166,-0.003734429000512881,0.005759913227238719
novice_entry_share,167,0.005434881078747658,0.005759913227238719
novice_entry_share,168,0.011347666820357948,0.005759913227238719
novice_entry_share,169,0.010111000685777364,0.005759913227238719
novice_entry_share,170,0.008708060291406283,0.005759913227238719
novice_entry_share,171,-0.0037738726930284378,0.005759913227238719
novice_entry_share,172,-0.003753120660542508,0.005759913227238719
novice_entry_share,173,0.0028965608592423095,0.005759913227238719
novice_entry_share,174,0.002567192551230334,0.005759913227238719
novice_entry_share,175,-0.0074735454977503495,0.005759913227238719
novice_entry_share,176,-0.013255711731426378,0.005759913227238719
novice_entry_share,177,0.005066531664886688,0.005759913227238719
novice_entry_share,178,0.0019536293510054215,0.005759913227238719
novice_entry_share,179,-0.0018468712093810547,0.005759913227238719
novice_entry_share,180,0.008307195037069118,0.005759913227238719
novice_entry_share,181,-0.0013302226050458806,0.005759913227238719
novice_entry_share,182,0.004720380151618526,0.005759913227238719
novice_entry_share,183,0.006435326977132309,0.005759913227238719
novice_entry_share,184,-0.007185132857720821,0.005759913227238719
novice_entry_share,185,-0.009420433803610368,0.005759913227238719
novice_entry_share,186,0.005043053600059884,0.005759913227238719
novice_entry_share,187,-0.006841644052600885,0.005759913227238719
novice_entry_share,188,-0.010678555993509517,0.005759913227238719
novice_entry_share,189,-0.00706247797171149,0.005759913227238719
novice_entry_share,190,0.00031254086986041367,0.005759913227238719
novice_entry_share,191,0.0017681902100806122,0.005759913227238719
novice_entry_share,192,-0.007303552389948545,0.005759913227238719
novice_entry_share,193,-0.008544405200670362,0.005759913227238719
novice_entry_share,194,0.004317300629049554,0.005759913227238719
novice_entry_share,195,-0.007594997259071114,0.005759913227238719
novice_entry_share,196,-0.005628153621758405,0.005759913227238719
novice_entry_share,197,-0.004010629084522739,0.005759913227238719
novice_entry_share,198,0.009638813542406421,0.005759913227238719
novice_entry_share,199,0.005106629552494388,0.005759913227238719
novice_entry_share,200,0.003014508485550336,0.005759913227238719
novice_entry_share,201,-0.01043684983763739,0.005759913227238719
novice_entry_share,202,-0.004303917217129594,0.005759913227238719
novice_entry_share,203,-0.001037596605379766,0.005759913227238719
novice_entry_share,204,-0.017183781147864455,0.005759913227238719
novice_entry_share,205,0.003369449675412523,0.005759913227238719
novice_entry_share,206,-0.004014483854897111,0.005759913227238719
novice_entry_share,207,0.00785121589268195,0.005759913227238719
novice_entry_share,208,-0.012748727575993058,0.005759913227238719
novice_entry_share,209,-0.00370948414927438,0.005759913227238719
novice_entry_share,210,-0.0030330494733451017,0.005759913227238719
novice_entry_share,211,0.0013403865544226838,0.005759913227238719
novice_entry_share,212,0.011555019509699933,0.005759913227238719
novice_entry_share,213,-0.005034662592415363,0.005759913227238719
novice_entry_share,214,0.010335212441008495,0.005759913227238719
novice_entry_share,215,-0.00289995703920504,0.005759913227238719
novice_entry_share,216,-0.012390165051108338,0.005759913227238719
novice_entry_share,217,0.0043405532159546045,0.005759913227238719
novice_entry_share,218,0.0009489818158431141,0.005759913227238719
novice_entry_share,219,0.006979430924531747,0.005759913227238719
novice_entry_share,220,0.00839759988221593,0.005759913227238719
novice_entry_share,221,0.0026613582816534848,0.005759913227238719
novice_entry_share,222,0.00317225639276186,0.005759913227238719
novice_entry_share,223,0.008995162410089784,0.005759913227238719
novice_entry_share,224,0.002578977356998358,0.005759913227238719
novice_entry_share,225,-0.0018383225372871489,0.005759913227238719
novice_entry_share,226,0.008087717865265262,0.005759913227238719
novice_entry_share,227,0.0013983686177769293,0.005759913227238719
novice_entry_share,228,-0.01030695522692792,0.005759913227238719
novice_entry_share,229,0.0024951526442247426,0.005759913227238719
novice_entry_share,230,-0.0057856268476587204,0.005759913227238719
novice_entry_share,231,-0.008449209859821184,0.005759913227238719
novice_entry_share,232,0.011875673627023575,0.005759913227238719
novice_entry_share,233,0.005381295982915369,0.005759913227238719
novice_entry_share,234,0.006511276313558806,0.005759913227238719
novice_entry_share,235,0.011663326453469411,0.005759913227238719
novice_entry_share,236,0.001437666013641412,0.005759913227238719
novice_entry_share,237,-0.007040005959966328,0.005759913227238719
novice_entry_share,238,0.004640977441430909,0.005759913227238719
novice_entry_share,239,0.0008400341442444731,0.005759913227238719
novice_entry_share,240,-0.002276931646151,0.005759913227238719
novice_entry_share,241,-0.004739908286651679,0.005759913227238719
novice_entry_share,242,0.006559419269302251,0.005759913227238719
novice_entry_share,243,-0.012370148455426281,0.005759913227238719
novice_entry_share,244,0.007432651884231168,0.005759913227238719
novice_entry_share,245,0.00856912103212787,0.005759913227238719
novice_entry_share,246,0.005783367410238851,0.005759913227238719
novice_entry_share,247,0.00022105898680594517,0.005759913227238719
novice_entry_share,248,-0.010717449554023583,0.005759913227238719
novice_entry_share,249,-0.01140370262617954,0.005759913227238719
novice_entry_share,250,-0.005261565576972108,0.005759913227238719
novice_entry_share,251,0.006417425076525249,0.005759913227238719
novice_entry_share,252,0.01120495928443735,0.005759913227238719
novice_entry_share,253,0.013818472625312455,0.005759913227238719
novice_entry_share,254,0.004846905359225337,0.005759913227238719
novice_entry_share,255,4.508550465849585e-05,0.005759913227238719
novice_entry_share,256,-0.001640150591577678,0.005759913227238719
novice_entry_share,257,-0.006964813059693197,0.005759913227238719
novice_entry_share,258,0.00011683633754708375,0.005759913227238719
novice_entry_share,259,-0.005652311461751146,0.005759913227238719
novice_entry_share,260,-0.005568346042712239,0.005759913227238719
novice_entry_share,261,0.0009052330692056618,0.005759913227238719
novice_entry_share,262,-0.00026351514870024203,0.005759913227238719
novice_entry_share,263,0.008876844757966908,0.005759913227238719
novice_entry_share,264,-0.013787665132748981,0.005759913227238719
novice_entry_share,265,-0.0007744797117289214,0.005759913227238719
novice_entry_share,266,0.00527835603671794,0.005759913227238719
novice_entry_share,267,-0.007056278478120484,0.005759913227238719
novice_entry_share,268,-0.00772355577132335,0.005759913227238719
novice_entry_share,269,0.005659321311227167,0.005759913227238719
novice_entry_share,270,-0.002633472904391117,0.005759913227238719
novice_entry_share,271,-0.006737949086082344,0.005759913227238719
novice_entry_share,272,-0.00026146373777932133,0.005759913227238719
novice_entry_share,273,0.0071561334432504314,0.005759913227238719
novice_entry_share,274,-0.006338867116205202,0.005759913227238719
novice_entry_share,275,0.000631442762219898,0.005759913227238719
novice_entry_share,276,0.007631803883599406,0.005759913227238719
novice_entry_share,277,0.006844626379424722,0.005759913227238719
novice_entry_share,278,-0.012527906501665072,0.005759913227238719
novice_entry_share,279,0.00531266462501562,0.005759913227238719
novice_entry_share,280,0.010808484618342197,0.005759913227238719
novice_entry_share,281,0.009057684420062799,0.005759913227238719
novice_entry_share,282,-0.0041166853760451145,0.005759913227238719
novice_entry_share,283,0.008994580169108101,0.005759913227238719
novice_entry_share,284,-0.00635390768086827,0.005759913227238719
novice_entry_share,285,-0.004599346218110092,0.005759913227238719
novice_entry_share,286,-0.005373548817647401,0.005759913227238719
novice_entry_share,287,-0.004212896324474818,0.005759913227238719
novice_entry_share,288,-0.005991485764391955,0.005759913227238719
novice_entry_share,289,-0.0077503262920971564,0.005759913227238719
novice_entry_share,290,0.0041753612292701435,0.005759913227238719
novice_entry_share,291,0.0008238598821586246,0.005759913227238719
novice_entry_share,292,-0.008009113231976197,0.005759913227238719
novice_entry_share,293,-0.0028524574379316363,0.005759913227238719
novice_entry_share,294,0.00880551245998027,0.005759913227238719
novice_entry_share,295,-0.006543104559203752,0.005759913227238719
novice_entry_share,296,-0.0008694857891522022,0.005759913227238719
novice_entry_share,297,0.004931641155580159,0.005759913227238719
novice_entry_share,298,-0.00429829633053965,0.005759913227238719
novice_entry_share,299,-0.006671227885538394,0.005759913227238719
novice_entry_share,300,-0.012209382078531714,0.005759913227238719
novice_entry_share,301,-0.00494607549379768,0.005759913227238719
novice_entry_share,302,-0.0009427174487655568,0.005759913227238719
novice_entry_share,303,0.0014515436219024675,0.005759913227238719
novice_entry_share,304,0.008369223919175866,0.005759913227238719
novice_entry_share,305,-0.0016737591600784368,0.005759913227238719
novice_entry_share,306,-0.013528412006826402,0.005759913227238719
novice_entry_share,307,-0.004926509174156671,0.005759913227238719
novice_entry_share,308,0.007767794461236388,0.005759913227238719
novice_entry_share,309,0.0007775165207238358,0.005759913227238719
novice_entry_share,310,-0.010587099861683635,0.005759913227238719
novice_entry_share,311,0.0022595265151937544,0.005759913227238719
novice_entry_share,312,-0.004285542094472002,0.005759913227238719
novice_entry_share,313,-0.003163910492592979,0.005759913227238719
novice_entry_share,314,-0.006546430758368338,0.005759913227238719
novice_entry_share,315,-0.0073482984189863106,0.005759913227238719
novice_entry_share,316,-0.0027160606622627682,0.005759913227238719
novice_entry_share,317,0.003437222674469174,0.005759913227238719
novice_entry_share,318,0.002509608945507364,0.005759913227238719
novice_entry_share,319,-0.0045257666028717955,0.005759913227238719
novice_entry_share,320,0.010373773839780977,0.005759913227238719
novice_entry_share,321,-0.007212424840308893,0.005759913227238719
novice_entry_share,322,-0.01045267848055638,0.005759913227238719
novice_entry_share,323,-0.008366174980683112,0.005759913227238719
novice_entry_share,324,-0.0011400194735080422,0.005759913227238719
novice_entry_share,325,0.000971939348852332,0.005759913227238719
novice_entry_share,326,-0.012084755523383731,0.005759913227238719
novice_entry_share,327,-0.007673649728920539,0.005759913227238719
novice_entry_share,328,0.002030599122060132,0.005759913227238719
novice_entry_share,329,-0.004351286779495977,0.005759913227238719
novice_entry_share,330,-0.0003375588134743398,0.005759913227238719
novice_entry_share,331,0.006530431740810945,0.005759913227238719
novice_entry_share,332,0.0030308882642832175,0.005759913227238719
novice_entry_share,333,0.0056302726617189795,0.005759913227238719
novice_entry_share,334,-0.0008716323278887636,0.005759913227238719
novice_entry_share,335,-0.009948839753575233,0.005759913227238719
novice_entry_share,336,0.010557005455996096,0.005759913227238719
novice_entry_share,337,-0.002670742575012443,0.005759913227238719
novice_entry_share,338,-0.008745860532077982,0.005759913227238719
novice_entry_share,339,-0.004161605999922504,0.005759913227238719
novice_entry_share,340,2.7696861844785182e-05,0.005759913227238719
novice_entry_share,341,0.0004678519490947129,0.005759913227238719
novice_entry_share,342,0.014642401379945222,0.005759913227238719
novice_entry_share,343,0.00845535546707829,0.005759913227238719
novice_entry_share,344,0.013423409237596192,0.005759913227238719
novice_entry_share,345,0.004146903691844638,0.005759913227238719
novice_entry_share,346,-0.012602815529604773,0.005759913227238719
novice_entry_share,347,0.0030198655216319057,0.005759913227238719
novice_entry_share,348,0.01116109923478332,0.005759913227238719
novice_entry_share,349,-0.010940636151548425,0.005759913227238719
novice_entry_share,350,9.928635534345361e-05,0.005759913227238719
novice_entry_share,351,0.01537359671228973,0.005759913227238719
novice_entry_share,352,-0.007489980335831572,0.005759913227238719
novice_entry_share,353,-0.005067117716744951,0.005759913227238719
novice_entry_share,354,-0.00529264940411022,0.005759913227238719
novice_entry_share,355,0.01277768112312277,0.005759913227238719
novice_entry_share,356,0.01065817122241816,0.005759913227238719
novice_entry_share,357,-0.0014936566424014997,0.005759913227238719
novice_entry_share,358,-0.01160357186127674,0.005759913227238719
novice_entry_share,359,-0.0038129078797291376,0.005759913227238719
novice_entry_share,360,-0.004195814945292343,0.005759913227238719
novice_entry_share,361,0.0002707750980730593,0.005759913227238719
novice_entry_share,362,0.005090987353453698,0.005759913227238719
novice_entry_share,363,0.009695418505164657,0.005759913227238719
novice_entry_share,364,-0.0011165366926351268,0.005759913227238719
novice_entry_share,365,-0.003906448327830567,0.005759913227238719
novice_entry_share,366,-0.0017248042114132941,0.005759913227238719
novice_entry_share,367,0.009654381310516479,0.005759913227238719
novice_entry_share,368,0.006800729666931064,0.005759913227238719
novice_entry_share,369,0.002327562311457513,0.005759913227238719
novice_entry_share,370,0.005197328501447017,0.005759913227238719
novice_entry_share,371,-0.007584992316986375,0.005759913227238719
novice_entry_share,372,0.0034784581585235444,0.005759913227238719
novice_entry_share,373,-0.016813728522862434,0.005759913227238719
novice_entry_share,374,-0.007955309384733747,0.005759913227238719
novice_entry_share,375,0.004639974981239905,0.005759913227238719
novice_entry_share,376,-0.0010269816084704144,0.005759913227238719
novice_entry_share,377,0.0022370013294458102,0.005759913227238719
novice_entry_share,378,-0.012250807556088084,0.005759913227238719
novice_entry_share,379,-0.011583850127468749,0.005759913227238719
novice_entry_share,380,-0.0039930786169599455,0.005759913227238719
novice_entry_share,381,-0.01178940541414897,0.005759913227238719
novice_entry_share,382,-0.0076815717021180155,0.005759913227238719
novice_entry_share,383,0.004445913373124906,0.005759913227238719
novice_entry_share,384,-0.002531837644457634,0.005759913227238719
novice_entry_share,385,0.005923534836343266,0.005759913227238719
novice_entry_share,386,0.0014035814320628782,0.005759913227238719
novice_entry_share,387,0.008775480281740597,0.005759913227238719
novice_entry_share,388,-0.012933556833137648,0.005759913227238719
novice_entry_share,389,-0.00871531983013802,0.005759913227238719
novice_entry_share,390,-0.0025647848360552767,0.005759913227238719
novice_entry_share,391,-0.0007229346284858977,0.005759913227238719
novice_entry_share,392,-0.008964786029810287,0.005759913227238719
novice_entry_share,393,0.012557847490813404,0.005759913227238719
novice_entry_share,394,-0.0018427678942183104,0.005759913227238719
novice_entry_share,395,0.007669610044500087,0.005759913227238719
novice_entry_share,396,0.01199321390661714,0.005759913227238719
novice_entry_share,397,0.0007528618307168756,0.005759913227238719
novice_entry_share,398,-0.0035110329046576265,0.005759913227238719
novice_entry_share,399,0.0068592703942566375,0.005759913227238719
novice_entry_share,400,-0.009426724265868425,0.005759913227238719
novice_entry_share,401,-0.003965891420718634,0.005759913227238719
novice_entry_share,402,0.006384822865655957,0.005759913227238719
novice_entry_share,403,-0.00511900062878501,0.005759913227238719
novice_entry_share,404,0.004262095827226658,0.005759913227238719
novice_entry_share,405,-0.010041393919439486,0.005759913227238719
novice_entry_share,406,-0.005695650448078516,0.005759913227238719
novice_entry_share,407,-0.005435032514986189,0.005759913227238719
novice_entry_share,408,0.0026088739608146313,0.005759913227238719
novice_entry_share,409,0.004589632646122187,0.005759913227238719
novice_entry_share,410,0.009331114996208697,0.005759913227238719
novice_entry_share,411,-0.005769761215629525,0.005759913227238719
novice_entry_share,412,0.004223983077335872,0.005759913227238719
novice_entry_share,413,0.0024716375555034623,0.005759913227238719
novice_entry_share,414,0.005109122685142677,0.005759913227238719
novice_entry_share,415,-0.006873651729963553,0.005759913227238719
novice_entry_share,416,0.007015783064940911,0.005759913227238719
novice_entry_share,417,0.004940138440109321,0.005759913227238719
novice_entry_share,418,-0.00988531985366816,0.005759913227238719
novice_entry_share,419,0.008878036144836622,0.005759913227238719
novice_entry_share,420,0.0016093924220654866,0.005759913227238719
novice_entry_share,421,-0.0021356618813353333,0.005759913227238719
novice_entry_share,422,0.0029635351034206915,0.005759913227238719
novice_entry_share,423,-0.010944904199942597,0.005759913227238719
novice_entry_share,424,0.0015923616036489252,0.005759913227238719
novice_entry_share,425,0.008731630671181902,0.005759913227238719
novice_entry_share,426,0.006023337156865542,0.005759913227238719
novice_entry_share,427,0.014750560659712832,0.005759913227238719
novice_entry_share,428,0.009484868722329749,0.005759913227238719
novice_entry_share,429,0.00962557107957407,0.005759913227238719
novice_entry_share,430,0.0036562691579037094,0.005759913227238719
novice_entry_share,431,0.003724495343155316,0.005759913227238719
novice_entry_share,432,-0.0014567368618441,0.005759913227238719
novice_entry_share,433,-0.005720795474941568,0.005759913227238719
novice_entry_share,434,-0.011462666054402782,0.005759913227238719
novice_entry_share,435,-0.008437951288727676,0.005759913227238719
novice_entry_share,436,0.0026484490433420172,0.005759913227238719
novice_entry_share,437,0.012319929619210898,0.005759913227238719
novice_entry_share,438,0.004670917060008172,0.005759913227238719
novice_entry_share,439,-0.008297140684411586,0.005759913227238719
novice_entry_share,440,0.002339169398464187,0.005759913227238719
novice_entry_share,441,-0.002765250066428925,0.005759913227238719
novice_entry_share,442,-0.004926428693274047,0.005759913227238719
novice_entry_share,443,0.007609361363214747,0.005759913227238719
novice_entry_share,444,0.012041142719506043,0.005759913227238719
novice_entry_share,445,-0.009300989301443692,0.005759913227238719
novice_entry_share,446,0.015311356736327617,0.005759913227238719
novice_entry_share,447,0.006803406443331657,0.005759913227238719
novice_entry_share,448,0.005026719297081689,0.005759913227238719
novice_entry_share,449,0.005831434123504977,0.005759913227238719
novice_entry_share,450,0.011463461714182058,0.005759913227238719
novice_entry_share,451,-0.01111135204070616,0.005759913227238719
novice_entry_share,452,0.006900541548817087,0.005759913227238719
novice_entry_share,453,0.0014646428636206272,0.005759913227238719
novice_entry_share,454,0.0008596094309706792,0.005759913227238719
novice_entry_share,455,-0.006982701108035091,0.005759913227238719
novice_entry_share,456,0.00040048673767048045,0.005759913227238719
novice_entry_share,457,0.0014457547678695143,0.005759913227238719
novice_entry_share,458,-0.009434955682505984,0.005759913227238719
novice_entry_share,459,-0.008675732332201263,0.005759913227238719
novice_entry_share,460,-0.0037881615017587274,0.005759913227238719
novice_entry_share,461,0.006748023564989684,0.005759913227238719
novice_entry_share,462,0.0029706997277635745,0.005759913227238719
novice_entry_share,463,-0.00804859242922237,0.005759913227238719
novice_entry_share,464,-0.005778180967851501,0.005759913227238719
novice_entry_share,465,0.0003794291219323522,0.005759913227238719
novice_entry_share,466,0.005639248863995003,0.005759913227238719
novice_entry_share,467,-0.002143925704747015,0.005759913227238719
novice_entry_share,468,-0.011252928688171269,0.005759913227238719
novice_entry_share,469,0.006998924635031903,0.005759913227238719
novice_entry_share,470,0.006086051399558422,0.005759913227238719
novice_entry_share,471,0.005543942085864504,0.005759913227238719
novice_entry_share,472,0.0066937549929671466,0.005759913227238719
novice_entry_share,473,0.003917549908369902,0.005759913227238719
novice_entry_share,474,0.0064983961566950415,0.005759913227238719
novice_entry_share,475,0.006324488695678408,0.005759913227238719
novice_entry_share,476,0.004527732765166315,0.005759913227238719
novice_entry_share,477,0.001745230523165801,0.005759913227238719
novice_entry_share,478,0.013241285462080279,0.005759913227238719
novice_entry_share,479,0.0020090731748796547,0.005759913227238719
novice_entry_share,480,0.004458380170348113,0.005759913227238719
novice_entry_share,481,0.008493282968233887,0.005759913227238719
novice_entry_share,482,0.004446614556711008,0.005759913227238719
novice_entry_share,483,-0.012878002102117921,0.005759913227238719
novice_entry_share,484,-0.004581311006892897,0.005759913227238719
novice_entry_share,485,-0.007156489358837391,0.005759913227238719
novice_entry_share,486,-0.00789139037207015,0.005759913227238719
novice_entry_share,487,0.012713750612520294,0.005759913227238719
novice_entry_share,488,-0.009440375382517102,0.005759913227238719
novice_entry_share,489,-0.008390551649751048,0.005759913227238719
novice_entry_share,490,-0.009996313336702827,0.005759913227238719
novice_entry_share,491,0.010479313904292678,0.005759913227238719
novice_entry_share,492,0.001039420078224327,0.005759913227238719
novice_entry_share,493,-0.008267661560301438,0.005759913227238719
novice_entry_share,494,-0.013923608310612855,0.005759913227238719
novice_entry_share,495,-0.0025173801649561113,0.005759913227238719
novice_entry_share,496,-0.004669093317652116,0.005759913227238719
novice_entry_share,497,0.004324658521778636,0.005759913227238719
novice_entry_share,498,0.004079961359701004,0.005759913227238719
